index,city_development_index,relevant_experience,enrolled_university,education_level,experience,company_size,last_new_job,gender_Male,gender_Female,major_discipline_Non-STEM,major_discipline_STEM,company_type_Early Startup,company_type_Funded Startup,company_type_NGO,company_type_Public Sector,company_type_Pvt Ltd
0,3,1,2,2,1,0,1,1,0,0,1,0,0,0,0,1
1,4,1,0,2,1,0,1,0,1,0,1,0,0,0,0,1
2,1,0,0,1,0,1,0,1,0,0,0,0,0,0,0,1
3,3,1,0,3,2,0,1,1,0,0,1,0,0,0,0,1
4,4,1,0,2,3,3,5,1,0,0,1,0,0,0,0,1
5,3,0,1,3,1,0,2,1,0,0,1,0,0,0,1,0
6,1,1,0,2,0,1,1,1,0,0,1,0,0,0,0,1
7,4,1,0,2,3,3,5,0,1,0,1,0,0,0,0,1
8,3,1,0,2,2,0,4,1,0,0,1,0,0,0,0,1
9,1,1,2,2,0,0,1,1,0,0,1,0,1,0,0,0
10,4,1,0,3,3,0,5,1,0,1,0,0,0,0,0,1
11,1,1,0,2,3,0,2,1,0,0,1,0,0,0,0,1
12,2,1,0,2,1,1,0,1,0,0,1,0,0,0,0,0
13,4,1,0,3,0,1,1,1,0,0,1,0,0,0,0,1
14,4,0,0,2,1,3,0,1,0,0,1,0,0,0,0,1
15,1,1,2,2,2,2,1,1,0,0,1,0,0,0,0,1
16,1,1,0,3,0,1,1,1,0,0,1,0,0,0,0,1
17,3,1,0,3,0,0,1,1,0,1,0,0,0,0,0,1
18,1,1,0,2,1,1,4,1,0,0,1,0,0,0,0,1
20,4,0,2,2,0,0,0,1,0,0,1,0,0,0,0,1
21,4,1,0,2,1,3,1,1,0,0,1,0,0,0,0,1
22,1,1,0,2,1,2,3,1,0,0,1,0,0,0,0,1
23,4,0,2,2,0,0,1,1,0,0,1,0,0,0,0,1
24,2,1,0,2,3,1,5,1,0,0,1,0,0,0,0,1
25,4,1,1,2,2,3,5,0,1,0,1,0,0,0,1,0
26,4,1,0,3,3,0,5,1,0,0,1,0,0,0,0,1
27,4,0,2,2,1,0,1,1,0,0,1,0,0,0,1,0
28,1,1,0,3,3,0,1,1,0,0,1,0,0,0,0,1
29,1,1,0,2,0,0,1,1,0,0,1,0,0,0,0,1
30,2,1,2,2,1,0,1,1,0,0,1,0,0,0,0,1
31,4,1,0,2,1,3,1,1,0,0,1,0,0,0,0,1
33,1,1,0,2,1,3,4,1,0,0,1,0,0,0,0,1
34,4,1,0,3,3,0,5,1,0,0,1,0,0,0,0,1
35,4,1,0,3,3,0,5,1,0,0,1,0,0,0,0,1
36,4,1,1,2,3,1,5,1,0,0,1,0,0,0,0,1
37,4,1,0,2,3,3,5,1,0,0,1,0,0,0,0,1
38,1,0,2,3,0,0,1,1,0,0,1,0,0,0,0,1
39,3,1,0,3,3,0,1,1,0,0,1,1,0,0,0,0
40,3,1,0,3,2,0,1,1,0,0,1,0,0,0,1,0
41,4,1,0,2,0,0,1,0,1,1,0,0,0,0,0,1
42,4,1,0,2,3,1,4,1,0,0,1,0,0,0,0,1
43,4,1,0,2,3,0,2,1,0,0,1,0,0,0,0,1
44,4,0,0,2,0,0,1,1,0,0,1,0,0,0,0,1
45,1,1,0,3,1,1,1,1,0,0,1,0,0,0,0,1
46,4,1,0,2,3,0,1,1,0,0,1,0,0,0,0,1
47,4,1,0,3,1,2,1,1,0,0,1,0,0,0,0,1
48,4,0,2,3,0,0,1,1,0,0,1,0,0,0,0,1
49,1,0,2,1,0,0,0,1,0,0,0,0,0,0,0,1
50,4,1,0,2,3,0,1,1,0,0,1,0,0,0,0,1
51,4,1,0,2,1,0,1,1,0,0,1,0,0,0,0,1
52,4,1,0,2,3,3,5,1,0,0,1,0,0,0,0,1
54,2,1,0,2,2,1,1,1,0,1,0,0,0,0,0,1
56,1,1,0,3,1,2,2,1,0,0,1,0,0,0,0,1
57,1,1,0,2,1,1,5,1,0,0,1,0,0,0,0,1
58,4,1,0,2,1,2,2,1,0,0,1,0,0,0,0,1
59,4,1,2,2,1,0,1,0,0,0,1,0,0,0,0,1
60,4,1,0,1,1,0,1,1,0,0,0,0,0,0,0,1
61,4,1,0,2,3,3,5,1,0,0,1,0,0,0,0,1
62,4,1,0,3,3,0,2,1,0,0,1,0,0,0,0,1
63,3,1,0,2,1,0,2,1,0,0,1,0,0,0,0,1
64,1,1,0,2,3,1,5,0,1,0,1,0,0,0,0,1
65,3,1,0,2,2,0,5,1,0,0,1,0,0,0,0,1
66,1,0,0,2,1,0,0,1,0,1,0,1,0,0,0,0
67,3,0,1,2,1,0,1,1,0,0,1,0,0,0,1,0
68,1,1,0,2,1,0,3,1,0,0,1,0,0,0,0,1
69,1,1,0,2,0,0,0,1,0,0,1,0,0,0,0,1
70,0,1,2,2,0,0,1,1,0,0,1,0,0,0,0,1
71,2,1,0,2,2,0,2,1,0,0,1,0,0,0,0,1
72,4,1,0,3,3,2,4,1,0,0,1,0,0,0,0,1
74,4,1,0,2,1,0,1,1,0,0,1,1,0,0,0,0
75,0,1,1,2,0,0,1,1,0,0,1,0,0,0,0,1
76,4,1,0,2,3,0,5,1,0,0,1,0,0,0,0,1
77,4,1,0,3,2,0,2,1,0,0,1,0,0,0,0,1
79,3,0,2,2,2,0,3,1,0,1,0,0,0,0,0,1
80,4,1,0,3,3,3,5,1,0,0,1,0,0,0,0,1
81,1,0,2,3,0,0,1,1,0,0,1,0,0,0,0,1
82,3,1,0,3,2,1,5,1,0,0,1,0,0,0,0,1
83,4,1,0,2,1,1,5,1,0,0,1,0,0,0,0,1
84,4,1,0,3,2,3,1,1,0,0,1,0,0,0,0,1
85,1,1,0,2,0,1,1,1,0,0,1,0,0,0,0,1
86,4,1,0,2,3,0,5,1,0,0,1,0,0,0,0,1
87,3,1,2,3,1,3,4,1,0,0,1,0,0,0,0,1
88,4,1,0,2,3,3,3,1,0,1,0,0,0,0,0,1
90,4,1,0,3,3,2,5,1,0,0,1,0,0,0,0,1
91,1,1,0,3,3,2,4,1,0,0,1,0,0,0,0,1
92,4,1,0,3,3,2,2,1,0,0,1,0,0,0,0,1
93,0,1,1,3,0,2,2,1,0,0,1,0,0,0,0,1
94,4,1,0,2,3,2,3,1,0,0,1,0,0,0,0,1
95,4,1,0,4,3,2,3,1,0,0,1,0,0,0,0,1
96,4,1,0,2,0,0,1,0,1,1,0,0,0,0,0,1
97,1,0,2,1,0,0,2,1,0,0,0,1,0,0,0,0
98,1,1,0,2,1,3,1,1,0,0,1,0,0,1,0,0
99,4,1,1,3,3,3,5,1,0,0,1,0,0,0,0,1
101,0,0,2,2,0,0,0,1,0,0,1,0,0,0,0,1
102,4,1,0,2,3,0,1,1,0,1,0,0,0,0,0,1
103,4,1,1,2,3,3,2,1,0,0,1,0,0,0,0,1
104,3,1,0,2,0,0,0,1,0,0,1,0,0,0,0,1
105,3,1,0,3,2,1,2,1,0,0,1,0,0,0,0,1
106,4,1,0,2,3,0,0,1,0,0,1,0,0,0,0,1
107,4,1,0,2,3,0,1,1,0,0,1,0,0,0,0,1
108,3,0,1,2,0,0,5,1,0,0,1,0,0,0,0,1
109,4,1,0,2,3,0,1,1,0,0,1,0,0,0,0,1
110,3,1,0,3,2,0,0,1,0,0,1,0,0,0,0,1
111,4,1,0,2,2,0,1,1,0,0,1,0,0,0,0,1
112,4,1,0,2,3,2,1,1,0,0,1,0,0,0,0,1
113,4,1,0,2,1,0,1,1,0,0,1,0,0,0,0,1
114,4,1,2,2,1,3,0,1,0,0,1,0,0,0,0,0
115,1,1,2,2,1,0,5,1,0,0,1,0,0,0,0,1
116,4,1,0,2,1,2,1,1,0,0,1,0,0,0,0,1
117,2,0,0,2,1,2,5,1,0,0,1,0,0,0,1,0
118,1,0,2,2,1,0,1,1,0,0,1,0,0,0,0,1
119,4,0,0,1,0,0,0,1,0,0,0,0,0,0,0,1
120,4,0,2,1,1,3,0,1,0,0,0,0,0,0,0,1
121,1,1,0,2,2,2,1,1,0,0,1,0,0,0,0,1
122,4,1,0,1,0,1,1,1,0,0,0,0,0,0,0,1
123,3,0,0,3,0,2,1,1,0,0,1,0,0,0,0,1
124,3,1,0,3,3,2,2,1,0,0,1,0,0,0,0,1
126,1,1,0,2,0,0,1,1,0,0,1,0,0,0,0,1
127,4,1,0,2,3,2,5,1,0,0,1,0,0,0,0,1
128,4,0,0,4,3,2,1,0,1,0,1,0,0,1,0,0
129,1,1,2,3,0,0,1,1,0,0,1,1,0,0,0,0
131,1,1,0,2,3,1,2,1,0,0,1,0,0,0,0,1
132,2,1,0,3,3,0,1,1,0,0,1,0,0,0,0,1
133,4,0,0,2,3,0,5,1,0,0,1,0,0,0,0,1
134,3,1,1,2,1,1,1,0,1,0,1,0,0,0,0,1
135,4,1,0,2,2,1,5,1,0,0,1,0,0,0,0,1
137,1,1,0,2,0,0,1,1,0,0,1,0,0,0,0,1
138,4,0,0,4,3,0,5,1,0,1,0,0,0,0,0,1
139,4,0,2,2,0,0,1,1,0,0,1,0,1,0,0,0
140,1,1,2,2,1,0,1,1,0,0,1,0,1,0,0,0
141,3,1,1,2,2,0,1,1,0,0,1,0,1,0,0,0
142,1,1,0,2,1,0,1,1,0,0,1,0,1,0,0,0
143,4,1,0,2,3,3,5,1,0,0,1,0,0,0,0,1
144,4,1,0,3,3,1,5,1,0,0,1,0,0,0,0,1
145,3,1,1,3,0,3,1,1,0,0,1,0,0,0,0,1
146,4,1,0,3,1,1,4,1,0,1,0,0,0,0,0,1
147,4,1,0,2,2,1,4,1,0,0,1,0,0,0,0,1
148,1,1,1,3,3,0,5,1,0,0,1,0,1,0,0,0
149,2,1,0,3,1,0,4,1,0,0,1,0,0,0,0,1
150,3,1,0,3,3,0,5,1,0,0,1,0,1,0,0,0
151,1,0,2,2,0,0,0,1,0,0,1,0,0,0,0,1
152,4,1,0,2,3,3,1,1,0,0,1,0,0,0,0,1
153,4,0,2,3,3,0,0,1,0,0,1,0,0,0,0,1
154,1,1,0,2,2,2,4,1,0,0,1,0,0,0,0,1
155,1,1,0,1,1,1,1,1,0,0,0,0,0,0,0,1
156,4,1,0,4,3,0,1,1,0,0,1,0,1,0,0,0
157,4,1,0,3,2,1,1,1,0,0,1,0,1,0,0,0
158,4,0,0,4,3,2,2,1,0,0,1,0,0,0,0,1
159,4,0,0,2,0,0,0,1,0,0,1,0,0,0,1,0
160,4,0,0,2,2,0,3,1,0,0,1,0,0,0,0,1
161,1,0,2,1,0,0,0,1,0,0,0,0,0,0,0,1
162,4,1,0,2,1,2,1,1,0,0,1,0,0,0,0,1
163,4,1,0,2,1,3,1,0,1,0,1,0,0,0,0,1
164,4,1,0,4,3,0,3,1,0,0,1,0,1,0,0,0
165,4,1,0,1,1,3,5,1,0,0,0,0,0,0,0,1
166,4,1,0,2,3,1,5,1,0,0,1,0,0,0,0,1
167,4,1,0,2,3,1,1,1,0,0,1,0,0,0,0,1
168,4,1,0,3,3,0,5,1,0,0,1,0,0,0,0,1
169,1,1,2,2,0,0,1,1,0,0,1,0,0,0,0,1
170,0,1,1,3,0,0,1,1,0,0,1,0,0,0,0,1
171,4,1,0,3,1,3,5,1,0,0,1,0,0,0,0,1
172,4,0,0,4,2,3,1,1,0,0,1,0,0,0,0,1
173,2,1,2,2,1,0,4,1,0,0,1,0,0,0,0,1
174,4,0,0,2,0,1,1,1,0,0,1,0,0,0,1,0
175,2,1,0,2,0,0,1,1,0,0,1,0,0,0,0,1
176,1,1,0,3,1,0,5,1,0,0,1,0,0,0,0,1
177,4,1,0,1,3,1,1,1,0,0,0,0,0,0,0,1
178,0,0,2,2,0,0,1,1,0,0,1,1,0,0,0,0
179,0,1,0,2,1,0,3,1,0,0,1,0,0,0,0,1
180,1,0,0,3,0,1,1,1,0,0,1,0,0,0,0,1
181,1,0,2,1,0,0,0,1,0,0,0,0,0,0,0,1
182,4,1,2,2,1,1,1,1,0,0,1,0,0,0,0,1
183,4,1,0,3,3,0,2,1,0,0,1,0,0,0,0,1
184,1,1,0,2,1,0,1,1,0,0,1,0,0,0,0,1
185,2,1,1,2,1,0,3,1,0,0,1,0,0,0,0,1
186,4,0,0,1,1,1,0,1,0,0,0,0,0,0,0,1
187,4,1,0,2,3,2,5,1,0,0,1,0,0,0,0,1
188,4,0,0,2,0,0,0,1,0,0,1,0,0,0,1,0
189,4,0,0,1,2,1,5,1,0,0,0,0,0,0,0,1
190,1,1,0,2,0,1,1,0,1,0,1,0,0,0,0,1
191,4,1,0,2,2,1,2,1,0,0,1,0,0,0,0,1
192,1,1,0,2,1,0,2,1,0,0,1,0,0,0,0,1
193,4,1,0,2,1,0,3,1,0,0,1,0,1,0,0,0
194,0,1,0,2,1,0,3,1,0,0,1,0,0,0,0,1
195,4,1,0,2,1,0,2,1,0,0,1,0,0,0,0,1
196,4,0,2,1,0,0,1,1,0,0,0,1,0,0,0,0
197,1,1,0,2,0,1,0,1,0,0,1,0,0,0,0,1
198,3,1,0,3,2,0,1,1,0,0,1,0,0,0,0,1
199,4,1,0,2,1,0,1,1,0,0,1,0,0,0,0,1
201,0,1,2,2,0,0,1,1,0,0,1,0,0,0,0,1
202,3,1,0,3,1,0,2,1,0,0,1,0,0,0,1,0
203,2,1,0,3,1,1,1,0,1,0,1,0,0,0,0,1
204,1,0,2,1,0,1,0,1,0,0,0,0,0,0,0,1
205,4,1,0,3,3,3,5,1,0,0,1,0,0,0,0,1
206,4,1,0,3,3,0,0,0,1,0,1,0,0,0,0,1
207,4,1,0,2,3,1,5,1,0,0,1,0,0,0,0,1
208,4,1,0,2,3,3,1,1,0,0,1,0,0,0,0,1
209,4,1,0,2,2,0,2,1,0,0,1,0,0,0,0,1
210,4,1,0,2,3,0,5,1,0,0,1,0,0,0,0,1
211,1,1,2,2,0,0,0,1,0,0,1,0,0,0,0,1
212,3,1,0,4,2,0,1,1,0,0,1,1,0,0,0,0
213,1,1,0,1,1,0,0,1,0,0,0,0,0,0,0,1
214,4,1,0,3,3,1,2,1,0,1,0,0,0,0,0,1
215,1,1,0,2,3,0,2,1,0,0,1,0,0,0,0,1
217,4,1,0,2,0,0,1,1,0,1,0,1,0,0,0,0
218,1,1,0,2,0,0,1,1,0,0,1,0,0,0,0,1
219,1,1,0,2,1,3,5,1,0,0,1,0,0,0,0,1
220,4,1,0,2,2,2,2,1,0,0,1,0,0,0,0,1
221,1,1,0,2,0,1,0,1,0,0,1,0,0,0,0,1
222,4,1,0,2,3,0,2,1,0,0,1,0,0,0,0,1
223,1,1,0,2,1,3,1,0,1,0,1,0,0,0,0,1
224,4,0,1,2,0,2,1,0,1,1,0,0,0,0,0,0
225,1,0,2,2,0,0,1,1,0,0,1,1,0,0,0,0
227,4,1,0,3,3,0,5,1,0,0,1,0,0,0,0,1
228,4,1,0,2,1,2,1,1,0,0,1,0,0,0,0,1
229,4,1,0,2,0,0,2,0,1,1,0,0,0,0,0,1
230,3,0,0,3,2,1,0,1,0,0,1,0,0,0,0,1
231,4,1,0,2,1,0,1,1,0,0,1,1,0,0,0,0
232,4,1,0,0,1,1,1,1,0,0,0,0,0,0,0,1
233,1,1,0,2,1,1,4,1,0,0,1,0,0,0,0,1
234,0,1,0,2,0,1,0,1,0,0,1,0,0,0,0,1
235,1,1,0,2,1,0,2,1,0,0,1,0,0,0,0,1
236,4,0,0,2,3,0,2,1,0,0,1,0,0,0,0,1
237,1,1,2,2,0,2,2,1,0,0,1,0,0,0,0,1
238,4,1,2,3,1,0,1,1,0,0,1,0,0,0,0,1
239,3,1,2,1,0,1,2,1,0,0,0,0,0,0,0,1
240,3,1,0,2,1,0,1,1,0,0,1,0,1,0,0,0
241,1,1,2,2,1,3,0,1,0,0,1,0,0,0,0,1
243,1,1,1,1,0,0,2,1,0,0,0,0,0,1,0,0
244,4,1,0,3,3,2,0,1,0,0,1,0,0,0,0,1
245,4,1,0,2,3,0,3,1,0,0,1,0,0,0,0,1
246,4,1,0,2,1,0,2,1,0,0,1,0,0,0,0,1
247,1,1,0,2,1,3,3,0,0,0,1,0,0,0,1,0
248,3,1,0,2,3,0,0,1,0,0,1,0,0,0,0,1
249,4,1,0,2,3,0,1,1,0,0,1,0,1,0,0,0
250,4,0,0,2,3,0,5,0,0,0,1,0,0,0,0,1
251,4,1,0,4,2,1,5,1,0,0,1,0,0,0,0,1
252,4,1,0,3,3,0,2,1,0,0,1,0,1,0,0,0
253,2,1,2,2,1,0,1,1,0,0,1,0,0,0,0,1
254,1,1,0,2,2,0,1,1,0,0,1,0,1,0,0,0
255,3,0,0,2,3,3,5,1,0,0,1,0,0,0,0,1
256,4,1,0,2,3,0,5,0,0,0,1,0,0,0,0,1
257,4,1,0,2,3,0,5,0,1,0,1,0,0,0,0,1
258,0,1,0,2,1,0,5,1,0,0,1,0,0,0,0,1
259,4,1,0,1,1,3,1,1,0,0,0,0,0,0,0,1
261,4,1,0,3,1,1,2,1,0,0,1,0,0,0,0,1
262,1,1,0,1,2,0,2,1,0,0,0,0,0,0,0,1
263,2,1,0,3,1,1,2,1,0,0,1,0,0,0,0,1
264,1,1,0,2,1,1,1,1,0,0,1,0,0,1,0,0
265,4,1,0,2,2,0,5,1,0,1,0,0,0,0,0,1
266,0,0,2,1,0,0,0,1,0,0,0,0,0,0,0,1
267,0,1,0,1,0,0,0,1,0,0,0,0,0,0,0,1
268,1,1,0,2,0,0,1,1,0,0,1,0,0,0,0,1
269,4,1,0,2,3,1,1,1,0,0,1,0,1,0,0,0
270,3,1,0,3,1,1,1,1,0,0,1,0,1,0,0,0
271,1,0,2,1,0,3,0,0,1,0,0,0,0,0,0,1
272,0,1,0,2,1,0,1,1,0,0,1,0,0,0,0,1
273,4,1,0,3,3,0,3,1,0,0,1,0,0,0,0,1
274,3,1,0,2,2,1,1,1,0,0,1,0,0,0,1,0
275,3,1,0,2,1,0,4,1,0,0,1,0,0,0,0,1
276,4,1,0,2,2,1,1,1,0,0,1,0,0,0,0,1
277,4,1,0,3,2,1,1,1,0,0,1,0,0,0,0,1
278,1,0,0,3,1,1,5,1,0,0,1,0,0,0,0,1
279,3,1,0,1,0,1,1,1,0,0,0,0,1,0,0,0
280,4,1,0,4,3,0,5,1,0,0,1,0,0,0,1,0
281,3,0,0,1,1,1,0,1,0,0,0,0,0,0,0,1
282,4,1,0,2,3,0,3,1,0,1,0,0,0,0,0,1
283,1,1,0,2,2,2,0,1,0,0,1,0,0,0,0,1
284,4,0,2,2,0,0,1,1,0,0,1,0,0,0,0,1
285,4,1,0,2,1,3,0,1,0,0,1,0,0,0,0,1
286,1,1,0,3,1,3,1,0,1,0,1,0,0,0,0,1
287,1,1,2,2,1,3,1,0,1,0,1,0,0,0,1,0
288,1,0,2,2,0,0,0,1,0,0,1,0,0,0,0,1
290,4,1,2,1,0,0,1,1,0,0,0,0,0,0,0,1
292,3,1,0,2,0,1,2,0,1,0,1,0,0,0,0,1
293,3,1,1,2,1,0,2,1,0,0,1,0,0,0,0,1
294,3,0,0,3,3,1,2,1,0,0,1,0,0,0,0,1
295,2,0,2,2,0,0,0,1,0,0,1,0,0,0,0,1
296,4,1,0,3,2,0,3,1,0,0,1,0,0,0,0,1
297,3,1,1,2,3,0,1,1,0,0,1,0,1,0,0,0
298,3,1,0,2,0,0,1,1,0,1,0,0,0,0,0,1
299,4,1,0,2,3,0,5,1,0,0,1,0,0,0,0,1
300,2,0,2,2,1,0,2,1,0,0,1,0,0,0,0,1
301,3,1,0,3,3,0,0,1,0,0,1,0,0,0,0,1
302,4,1,0,2,3,0,1,1,0,0,1,0,1,0,0,0
304,1,0,2,2,0,0,1,1,0,0,1,0,0,0,0,1
305,1,1,0,2,2,0,2,1,0,0,1,0,0,0,0,1
306,2,1,0,2,3,0,1,1,0,0,1,0,1,0,0,0
307,4,1,0,3,0,0,1,1,0,0,1,0,1,0,0,0
308,0,1,0,2,1,0,1,1,0,0,1,0,1,0,0,0
309,4,1,0,2,3,2,5,1,0,0,1,0,0,0,1,0
310,2,1,0,3,1,1,1,1,0,0,1,0,1,0,0,0
311,4,0,2,2,1,3,1,1,0,0,1,0,0,0,0,1
312,4,0,2,1,1,1,1,1,0,0,0,0,0,1,0,0
313,0,0,0,2,0,0,0,1,0,0,1,0,0,1,0,0
314,4,1,0,2,3,1,1,1,0,1,0,0,0,0,0,1
315,1,1,0,2,0,1,1,1,0,0,1,0,0,1,0,0
316,0,0,0,2,0,0,1,1,0,1,0,0,0,1,0,0
317,4,1,0,3,3,3,5,1,0,0,1,0,0,0,0,1
318,4,0,2,2,0,3,1,1,0,0,1,0,0,0,0,1
319,4,1,0,2,1,2,2,1,0,0,1,0,0,0,0,1
320,4,1,0,2,3,0,1,0,1,0,1,0,0,0,0,1
321,4,1,0,2,3,0,5,1,0,0,1,0,0,0,0,1
322,1,1,0,2,1,0,2,1,0,0,1,0,0,0,0,1
323,4,1,2,3,1,2,1,1,0,0,1,0,0,0,1,0
325,1,1,0,2,0,0,1,1,0,0,1,0,0,0,0,1
326,4,0,0,0,0,1,0,1,0,0,0,0,0,0,0,1
327,4,0,0,2,3,0,5,1,0,0,1,0,0,0,0,1
328,1,1,0,3,2,2,1,1,0,0,1,0,0,0,0,1
329,4,0,0,3,2,2,1,1,0,0,1,0,0,0,0,1
330,4,1,0,2,3,1,1,1,0,0,1,0,0,0,0,1
331,4,0,2,2,0,3,1,1,0,0,1,0,0,0,0,1
332,4,1,0,2,2,2,1,1,0,0,1,0,0,0,0,1
333,1,0,2,2,0,0,1,1,0,0,1,0,1,0,0,0
334,1,0,0,2,0,1,1,0,1,0,1,0,0,1,0,0
335,1,1,2,2,0,1,1,1,0,0,1,0,0,0,0,1
336,4,1,0,2,3,1,1,1,0,0,1,0,0,0,0,1
337,4,1,0,4,3,0,4,1,0,0,1,0,0,0,0,1
338,4,0,0,4,0,0,1,1,0,0,1,0,0,0,1,0
339,4,1,0,2,1,1,2,1,0,1,0,0,0,0,0,1
340,3,0,0,2,2,1,2,1,0,0,1,0,0,0,0,1
341,1,0,2,1,0,0,0,1,0,0,0,0,0,0,0,1
342,4,1,2,2,3,0,3,1,0,1,0,0,0,0,0,1
343,1,0,2,2,0,3,1,1,0,0,1,0,0,0,0,1
344,4,1,0,2,3,0,1,1,0,0,1,0,0,0,0,1
345,4,1,0,3,1,2,1,1,0,0,1,0,0,0,0,1
346,3,1,0,3,1,0,1,1,0,0,1,0,0,0,0,1
347,4,1,1,1,1,2,1,1,0,0,0,0,0,0,0,1
348,4,1,0,2,3,0,5,1,0,0,1,0,1,0,0,0
349,2,0,2,2,2,0,1,1,0,1,0,0,0,0,0,1
350,4,1,0,2,3,2,5,1,0,0,1,0,0,0,0,1
351,4,1,0,4,1,1,2,1,0,0,1,0,0,1,0,0
352,1,0,0,3,0,1,2,1,0,0,1,0,0,0,0,1
353,3,0,2,2,0,0,1,0,0,0,1,0,0,0,0,1
354,4,1,0,2,2,0,5,1,0,0,1,0,0,0,0,1
355,4,0,1,2,0,3,1,0,0,0,1,0,0,0,0,1
356,4,1,0,3,3,3,5,0,1,0,1,0,0,0,0,1
357,4,0,0,2,0,0,1,1,0,1,0,0,0,0,0,1
358,2,1,0,3,2,0,2,1,0,0,1,0,0,0,0,1
359,3,1,0,3,1,2,1,1,0,0,1,0,0,0,0,1
360,4,1,0,2,0,1,1,1,0,1,0,0,0,0,0,1
361,4,1,0,2,1,3,5,0,1,0,1,0,0,0,0,1
362,2,1,0,4,3,0,2,1,0,0,1,0,0,0,0,1
363,3,0,2,2,0,0,0,1,0,0,1,0,0,0,0,1
364,4,1,0,1,0,1,0,0,1,0,0,0,0,0,0,1
365,3,0,0,3,1,0,5,1,0,0,1,0,0,0,0,1
367,3,0,0,0,0,0,0,1,0,0,0,0,0,0,0,1
368,1,1,1,3,1,3,1,1,0,0,1,0,0,0,0,1
369,4,1,0,2,3,0,5,1,0,0,1,0,0,0,0,1
370,3,1,0,1,3,0,1,1,0,0,0,0,0,0,0,1
371,4,1,0,2,3,2,5,1,0,0,1,0,0,0,0,1
372,4,0,0,2,3,0,4,1,0,1,0,0,0,0,0,1
373,4,1,1,2,2,0,1,1,0,0,1,0,0,1,0,0
374,4,1,0,2,2,0,4,1,0,0,1,0,0,0,0,1
375,4,1,1,3,0,3,1,1,0,0,1,0,0,1,0,0
376,3,1,0,2,3,0,1,0,1,0,1,0,0,1,0,0
377,3,0,0,3,3,2,5,1,0,0,1,0,0,0,0,1
378,4,1,0,2,1,0,1,1,0,0,1,0,0,0,0,1
379,4,1,0,2,3,0,5,1,0,0,1,0,0,0,1,0
380,4,0,0,1,0,0,0,1,0,0,0,0,0,0,0,1
381,2,1,1,2,3,0,1,1,0,0,1,0,0,0,0,1
382,0,1,0,3,1,0,1,1,0,0,1,0,0,0,0,1
383,4,0,0,2,3,0,1,1,0,0,1,0,0,0,0,1
384,4,1,0,2,2,0,5,1,0,0,1,0,0,0,0,1
385,1,1,2,2,0,0,0,0,1,0,1,0,0,0,0,1
386,4,1,0,2,1,1,1,1,0,0,1,0,0,1,0,0
387,3,1,1,3,1,1,4,1,0,0,1,0,0,0,0,1
388,1,0,0,3,0,2,1,1,0,0,1,0,0,0,0,1
389,4,1,0,2,2,0,1,1,0,1,0,0,0,0,0,1
390,4,1,0,2,3,0,2,1,0,0,1,0,0,0,0,1
391,3,1,0,2,2,0,5,1,0,0,1,0,0,0,0,1
392,4,1,2,2,3,0,5,1,0,0,1,0,0,0,0,1
393,4,1,0,2,3,0,2,1,0,0,1,0,1,0,0,0
394,4,1,0,3,3,0,5,1,0,0,1,0,0,0,0,1
395,3,1,0,3,3,3,4,1,0,0,1,0,0,0,0,1
396,4,1,0,2,1,1,2,1,0,1,0,0,0,0,0,1
397,4,1,0,1,1,0,1,1,0,0,0,0,0,0,0,1
398,4,1,0,2,3,0,3,1,0,0,1,0,0,0,0,1
399,4,1,0,2,1,0,2,1,0,0,1,0,0,0,0,1
400,4,1,0,2,0,2,2,0,1,0,1,0,0,0,0,1
401,4,1,0,2,1,2,2,1,0,0,1,0,0,0,0,1
402,4,1,0,2,3,0,1,1,0,0,1,0,1,0,0,0
403,4,1,0,1,1,0,1,1,0,0,0,1,0,0,0,0
404,3,1,0,2,1,3,1,1,0,0,1,0,0,0,1,0
405,4,1,0,2,1,0,2,1,0,0,1,0,0,0,0,1
406,3,1,0,2,1,0,1,1,0,0,1,1,0,0,0,0
407,3,1,0,2,3,0,5,1,0,0,1,0,0,0,0,1
408,4,1,0,2,1,2,5,1,0,0,1,0,0,0,0,1
409,4,1,0,3,3,0,1,1,0,0,1,1,0,0,0,0
410,2,0,0,2,0,0,0,0,1,0,1,0,0,0,0,1
411,4,1,0,0,3,1,1,1,0,0,0,0,0,0,0,1
412,1,1,1,2,1,0,0,1,0,0,1,0,0,0,0,1
413,1,1,0,2,0,0,1,1,0,1,0,0,0,0,0,1
414,4,0,0,4,3,2,5,1,0,0,1,0,0,0,1,0
415,4,1,0,2,2,1,2,1,0,0,1,0,0,0,0,1
416,4,1,0,2,3,0,5,0,1,1,0,0,0,0,0,1
417,0,0,2,1,0,0,0,1,0,0,0,0,0,0,0,1
418,3,1,0,4,3,0,1,1,0,1,0,0,0,0,0,1
419,4,0,2,3,2,0,0,1,0,0,1,0,0,0,0,1
420,2,1,0,3,3,2,4,1,0,0,1,0,0,0,0,1
421,4,1,0,2,1,1,2,1,0,0,1,0,0,0,0,1
422,3,0,2,2,1,0,1,1,0,0,1,0,0,0,0,1
423,3,1,0,2,1,2,2,1,0,0,1,0,0,0,0,1
424,4,0,2,2,0,3,1,1,0,0,1,0,0,0,0,1
425,4,1,0,2,1,2,3,1,0,0,1,0,0,1,0,0
426,4,1,0,2,2,2,5,1,0,0,1,0,0,0,0,1
427,4,1,0,3,3,2,5,1,0,1,0,0,0,0,0,1
428,0,1,0,2,3,2,1,1,0,0,1,0,0,0,0,1
429,4,1,0,2,3,3,2,1,0,0,1,0,0,0,0,1
430,1,1,0,2,0,3,0,1,0,0,1,0,0,0,0,1
431,1,1,0,2,2,3,1,1,0,0,1,0,0,0,0,1
432,1,1,0,2,2,0,1,1,0,0,1,0,0,0,0,1
433,4,1,0,3,3,0,1,1,0,0,1,0,0,0,0,1
434,4,1,0,3,3,0,5,1,0,0,1,0,0,0,0,1
435,1,1,0,3,0,0,1,1,0,1,0,0,0,0,0,1
436,0,0,1,2,0,0,1,1,0,0,1,0,0,0,0,1
437,4,1,0,2,0,0,1,0,0,1,0,0,0,0,0,1
438,3,1,2,3,1,2,4,1,0,0,1,0,0,0,1,0
439,3,1,0,2,2,0,5,1,0,0,1,0,0,0,0,1
440,3,1,1,2,1,1,1,1,0,0,1,0,0,0,0,1
441,3,1,0,2,2,0,5,1,0,0,1,0,0,0,0,1
442,4,1,0,2,3,0,2,1,0,0,1,0,0,0,0,1
443,2,0,2,2,1,1,0,1,0,0,1,0,0,0,0,1
444,1,1,0,2,0,3,1,1,0,0,1,0,0,0,0,1
445,3,1,0,2,1,0,2,1,0,0,1,0,0,0,0,1
446,1,1,0,3,3,3,1,1,0,0,1,0,0,0,0,1
447,4,1,0,2,3,2,4,1,0,0,1,0,0,0,1,0
448,3,0,0,2,0,3,1,1,0,1,0,0,0,0,0,1
449,1,1,0,3,1,3,2,1,0,0,1,0,0,0,0,1
450,1,0,2,2,1,0,0,1,0,0,1,0,0,0,0,1
451,3,0,0,2,0,0,2,1,0,0,1,0,0,0,0,1
452,4,1,0,2,1,1,2,1,0,0,1,0,0,0,0,1
453,1,0,0,2,3,0,1,1,0,1,0,0,0,0,0,1
454,1,0,2,2,1,3,0,0,0,0,1,0,0,0,0,1
455,1,1,2,2,0,0,1,1,0,0,1,0,0,0,0,1
456,4,1,0,2,3,3,5,1,0,0,1,0,0,0,0,1
457,2,1,0,2,1,0,1,0,1,0,1,0,0,0,0,1
458,4,1,2,3,1,0,2,0,1,0,1,0,0,0,1,0
459,0,1,1,2,1,3,1,1,0,0,1,0,0,0,0,1
461,4,1,0,2,3,1,1,0,1,0,1,0,0,0,0,1
462,3,1,0,2,1,1,1,1,0,0,1,0,0,1,0,0
463,4,1,0,2,1,2,5,0,1,0,1,0,0,0,0,1
464,3,0,0,3,1,1,5,1,0,0,1,0,0,1,0,0
465,1,1,2,3,0,0,1,1,0,0,1,0,0,0,0,1
466,3,1,0,3,2,0,2,1,0,0,1,0,0,0,0,1
467,4,1,0,2,2,0,1,1,0,0,1,0,0,1,0,0
468,4,1,2,3,3,3,1,1,0,0,1,0,0,0,0,1
469,3,0,0,3,2,0,2,1,0,0,1,0,0,1,0,0
470,4,0,2,3,2,0,1,1,0,0,1,0,0,0,1,0
471,4,0,0,2,0,3,4,1,0,0,1,0,0,0,0,1
472,1,0,2,2,0,0,2,1,0,0,1,0,0,0,0,1
473,2,0,2,1,1,0,1,1,0,0,0,0,0,0,0,1
474,1,0,0,3,0,0,1,1,0,0,1,0,0,0,0,1
475,4,1,0,4,3,0,5,1,0,0,1,0,0,0,0,1
476,3,1,2,1,1,0,2,1,0,0,0,0,0,0,0,1
477,4,1,0,2,2,2,1,1,0,0,1,0,0,0,0,1
478,2,1,2,3,1,0,0,0,1,0,1,0,0,0,0,1
479,4,1,0,3,3,0,0,1,0,0,1,0,0,0,0,1
480,3,1,0,2,1,1,1,0,1,0,1,0,0,0,0,1
481,2,0,1,2,1,0,1,0,1,0,1,0,0,0,1,0
482,1,1,0,2,0,0,1,1,0,0,1,0,1,0,0,0
483,4,1,0,1,3,1,5,1,0,0,0,0,0,0,0,1
484,4,1,0,2,3,0,4,1,0,0,1,0,0,0,0,1
485,4,0,0,3,3,1,5,1,0,1,0,0,0,0,0,1
486,3,0,2,4,3,1,5,1,0,0,1,0,0,0,1,0
487,4,0,2,1,1,0,0,1,0,0,0,0,0,0,0,1
488,4,1,0,3,3,2,5,1,0,0,1,0,0,0,0,1
489,4,1,1,2,3,0,5,1,0,1,0,0,0,0,0,1
490,1,0,0,3,2,0,2,1,0,0,1,0,0,0,1,0
491,1,1,0,2,1,0,5,1,0,0,1,0,0,0,0,1
492,3,1,2,3,0,2,4,1,0,0,1,0,0,0,0,1
493,3,1,0,3,1,3,1,1,0,0,1,0,0,0,0,1
494,1,1,2,2,0,0,1,0,1,0,1,0,0,0,0,1
495,4,1,0,2,1,1,2,1,0,0,1,1,0,0,0,0
496,4,0,0,2,1,3,1,1,0,0,1,0,0,0,0,1
497,3,1,2,3,3,0,1,1,0,0,1,0,0,0,0,1
498,4,1,0,2,3,1,3,1,0,0,1,0,0,0,0,1
499,4,1,1,2,1,0,4,1,0,1,0,0,0,0,0,1
500,3,1,0,2,1,3,1,1,0,0,1,0,0,0,0,1
501,4,1,0,2,3,1,5,1,0,0,1,0,0,0,0,1
502,4,0,2,1,1,0,1,1,0,0,0,0,0,0,1,0
503,4,1,0,2,1,0,1,1,0,0,1,0,0,0,0,1
504,0,0,0,3,0,0,1,1,0,0,1,0,0,0,0,1
505,4,1,0,3,2,0,1,1,0,0,1,0,0,0,0,1
506,4,1,0,1,2,0,1,1,0,0,0,0,0,0,0,1
507,4,1,0,3,0,0,1,1,0,0,1,0,1,0,0,0
508,4,1,0,3,3,1,5,1,0,0,1,0,0,0,0,1
509,4,1,0,3,2,0,1,1,0,0,1,0,0,0,0,1
510,1,0,2,3,0,2,1,1,0,0,1,0,0,0,0,1
511,4,0,2,1,0,0,0,1,0,0,0,0,0,0,0,1
512,4,1,0,2,3,3,5,1,0,1,0,0,0,0,0,1
513,4,0,2,2,1,0,4,1,0,0,1,0,0,0,0,1
514,1,1,1,3,2,0,1,1,0,0,1,0,1,0,0,0
515,2,0,0,3,0,1,2,1,0,1,0,0,0,0,0,1
516,4,0,0,2,0,2,2,1,0,0,1,0,0,0,1,0
517,3,0,0,0,0,0,0,1,0,0,0,0,0,0,0,1
518,1,1,0,2,0,0,2,0,1,1,0,0,0,0,0,1
519,3,1,0,2,1,1,2,1,0,0,1,0,0,0,0,1
520,4,1,2,1,3,1,5,1,0,0,0,0,0,0,0,1
521,3,0,0,2,0,0,1,1,0,1,0,0,0,0,0,1
522,4,1,0,3,3,1,1,1,0,0,1,0,0,0,0,1
523,4,1,0,2,3,0,1,1,0,0,1,0,0,0,0,1
524,2,1,0,2,1,2,1,1,0,0,1,0,0,0,0,1
525,2,1,0,2,0,0,2,1,0,0,1,0,0,0,0,1
526,4,1,0,2,2,0,1,1,0,0,1,0,0,0,0,1
527,3,1,0,2,1,1,1,1,0,0,1,0,0,0,0,1
528,4,0,2,2,1,0,2,1,0,0,1,0,0,0,1,0
529,2,1,0,3,0,1,1,1,0,0,1,0,0,0,0,1
530,4,0,0,3,1,0,1,1,0,1,0,0,0,1,0,0
531,3,1,0,3,3,1,5,1,0,0,1,0,0,0,0,1
532,4,1,0,2,3,0,5,1,0,0,1,0,0,0,0,1
533,3,0,0,2,2,2,5,1,0,0,1,0,0,0,0,1
535,1,0,0,2,1,3,1,1,0,0,1,0,0,0,0,1
536,4,1,0,2,3,1,1,1,0,0,1,0,0,0,0,1
537,2,0,2,2,1,0,0,1,0,0,1,0,0,0,0,1
538,4,1,0,3,1,1,1,1,0,0,1,0,0,0,0,1
539,3,1,0,2,1,0,2,1,0,0,1,0,0,0,0,1
540,4,1,0,2,1,2,1,1,0,0,1,0,0,0,1,0
541,4,1,0,1,3,0,1,1,0,0,0,0,0,0,0,1
542,3,1,0,3,3,0,4,1,0,0,1,0,0,0,0,1
543,3,1,0,2,1,0,2,1,0,0,1,0,0,0,0,1
544,4,1,0,2,1,0,3,0,1,0,1,0,0,0,0,1
545,3,0,0,3,3,0,2,1,0,0,1,0,0,0,0,1
546,3,1,0,2,0,0,1,1,0,0,1,0,0,0,0,1
547,3,1,0,3,1,1,1,1,0,0,1,0,0,0,0,1
548,1,0,0,0,0,0,0,1,0,0,0,0,0,0,0,1
549,3,0,0,2,0,0,0,1,0,1,0,0,0,0,0,1
550,4,1,0,2,3,0,1,1,0,0,1,0,0,0,0,1
551,4,1,1,1,1,3,1,1,0,0,0,0,0,0,0,1
552,2,1,0,2,3,3,1,1,0,0,1,0,0,0,0,1
553,1,1,1,2,1,2,3,1,0,0,1,0,0,0,0,1
554,3,1,0,2,2,2,5,1,0,0,1,0,0,0,0,1
555,1,1,0,2,0,0,1,1,0,0,1,1,0,0,0,0
556,4,1,0,1,0,1,1,1,0,0,0,0,0,0,0,1
558,4,1,0,3,2,0,1,1,0,0,1,0,0,0,0,1
559,1,1,2,3,2,3,0,1,0,0,1,0,0,0,0,1
560,2,1,0,2,1,0,1,1,0,0,1,0,0,0,0,1
561,2,1,0,2,2,1,5,1,0,0,1,0,0,0,0,1
562,4,1,0,2,2,0,2,1,0,0,1,0,0,0,0,1
563,4,1,0,2,2,1,1,1,0,0,1,0,0,0,0,1
564,3,0,0,3,1,0,1,1,0,0,1,0,1,0,0,0
565,1,1,0,2,1,3,2,1,0,0,1,0,0,0,0,1
566,3,1,0,3,1,0,0,1,0,0,1,0,0,1,0,0
567,4,1,0,2,1,1,2,1,0,0,1,0,0,0,0,1
568,4,0,2,2,1,0,0,1,0,0,1,0,0,0,0,1
569,4,1,0,3,3,0,3,1,0,0,1,0,0,0,0,1
570,1,1,0,2,1,2,1,0,1,0,1,0,0,0,0,1
571,2,1,0,3,2,0,1,1,0,0,1,0,0,0,0,1
572,4,1,0,2,2,2,1,1,0,0,1,0,0,0,0,1
573,4,1,0,2,3,0,1,1,0,0,1,0,1,0,0,0
574,1,0,2,0,0,0,1,1,0,0,0,1,0,0,0,0
575,4,0,2,2,0,3,5,1,0,0,1,0,0,0,0,1
576,1,0,2,1,0,0,1,1,0,0,0,1,0,0,0,0
577,4,1,0,3,3,3,1,1,0,0,1,0,0,0,0,1
578,4,1,0,2,2,0,3,1,0,0,1,0,0,0,0,1
579,1,1,2,2,1,0,2,1,0,0,1,0,0,0,0,1
580,4,1,0,2,2,3,3,0,1,0,1,0,0,0,0,1
581,0,1,0,2,1,0,5,1,0,0,1,0,0,0,0,1
582,2,1,1,2,2,0,3,1,0,1,0,0,0,0,0,1
583,4,1,0,2,3,0,2,1,0,0,1,0,0,0,0,1
584,3,0,1,3,0,3,1,1,0,0,1,0,0,0,0,1
585,4,1,0,2,3,0,2,1,0,0,1,0,0,0,0,1
586,1,0,2,2,0,0,1,1,0,0,1,0,0,0,0,1
587,4,0,2,2,1,0,0,1,0,0,1,0,0,0,0,1
588,1,1,0,3,0,1,1,1,0,0,1,0,0,0,0,1
589,3,0,0,2,0,0,2,1,0,0,1,0,0,0,0,1
590,1,1,0,3,1,0,2,1,0,0,1,0,0,0,0,1
591,4,1,0,2,3,0,1,1,0,0,1,0,0,0,0,1
592,4,1,0,2,1,0,1,1,0,0,1,0,0,0,0,1
593,4,0,0,4,0,3,1,1,0,0,1,0,0,1,0,0
594,3,0,2,2,1,0,1,1,0,0,1,0,0,0,0,1
595,2,1,0,3,2,0,4,1,0,0,1,0,0,0,0,1
596,1,1,0,2,1,0,1,1,0,0,1,0,0,0,0,1
597,4,1,0,3,3,3,5,1,0,0,1,0,0,0,0,1
598,4,1,0,2,3,1,5,1,0,1,0,0,0,0,0,1
599,4,1,0,3,3,0,5,1,0,0,1,0,0,0,0,1
600,1,1,0,2,2,3,1,1,0,0,1,0,0,0,0,1
601,2,0,0,3,3,0,5,1,0,0,1,0,0,0,0,1
602,1,0,2,2,2,3,5,1,0,0,1,0,0,0,0,1
603,1,1,0,3,0,1,2,1,0,0,1,0,0,0,0,1
604,4,0,0,2,0,1,2,1,0,1,0,0,1,0,0,0
605,1,1,2,2,0,0,1,1,0,0,1,0,0,0,0,1
606,4,1,2,3,3,0,2,1,0,0,1,0,0,0,0,1
607,4,1,0,2,3,3,5,1,0,0,1,0,0,0,1,0
608,4,1,0,2,1,0,1,1,0,0,1,0,1,0,0,0
609,1,0,2,2,0,0,1,1,0,0,1,0,0,0,0,1
610,3,0,2,3,1,0,4,1,0,0,1,0,0,0,0,1
611,4,1,0,2,1,0,2,1,0,1,0,0,0,0,0,1
612,1,1,0,2,1,0,1,1,0,0,1,1,0,0,0,0
613,1,1,0,3,3,0,5,1,0,0,1,1,0,0,0,0
614,4,1,0,3,3,1,1,1,0,0,1,0,0,0,0,1
615,4,0,0,1,1,0,5,1,0,0,0,0,0,0,0,1
616,4,0,2,2,0,0,0,1,0,0,1,0,0,0,0,1
617,4,1,0,2,1,0,2,1,0,0,1,0,0,0,0,1
618,4,0,0,2,0,2,2,1,0,0,1,0,0,0,1,0
619,1,0,0,2,1,3,1,1,0,0,1,0,0,0,1,0
620,4,0,2,3,1,0,3,1,0,0,1,0,0,0,1,0
621,4,1,0,2,2,0,4,1,0,0,1,0,0,0,0,1
622,0,1,2,2,1,0,5,1,0,0,1,0,0,0,0,1
623,4,1,0,3,3,0,5,1,0,0,1,0,0,0,0,1
624,3,1,0,2,3,3,5,1,0,0,1,0,0,0,0,1
625,4,1,0,2,1,0,1,0,1,0,1,0,0,0,0,1
626,3,1,0,1,0,1,1,1,0,0,0,0,1,0,0,0
627,3,1,0,2,1,0,1,1,0,0,1,0,0,0,0,1
628,4,1,0,3,2,0,2,1,0,0,1,0,0,0,0,1
629,4,1,0,2,0,1,1,1,0,0,1,0,0,0,0,1
630,1,0,0,2,0,0,1,0,1,0,1,1,0,0,0,0
631,3,1,1,2,1,0,2,1,0,0,1,0,0,0,0,1
632,0,1,0,2,1,0,5,1,0,0,1,0,0,0,0,1
633,1,0,2,3,0,2,1,1,0,0,1,0,0,0,0,1
634,4,1,0,3,3,2,2,1,0,0,1,0,0,0,0,1
635,4,0,1,1,3,2,2,0,1,0,0,0,0,0,1,0
637,3,1,0,2,1,0,2,1,0,0,1,0,0,0,0,1
638,3,0,2,2,0,0,0,1,0,0,1,0,0,0,0,1
639,2,1,0,2,1,3,1,1,0,0,1,0,0,0,0,1
640,4,0,2,2,0,0,1,1,0,0,1,1,0,0,0,0
641,3,0,1,2,3,0,5,1,0,0,1,0,0,0,0,1
642,3,1,0,2,1,1,1,1,0,0,1,0,0,0,0,1
643,3,1,0,1,0,0,1,1,0,0,0,0,1,0,0,0
644,3,1,0,3,2,0,2,1,0,0,1,0,0,0,0,1
645,1,0,2,2,0,0,1,1,0,0,1,1,0,0,0,0
646,4,1,1,4,3,3,5,1,0,1,0,0,0,0,1,0
647,4,1,0,4,3,2,5,1,0,1,0,0,0,0,1,0
648,4,0,2,1,1,1,0,1,0,0,0,0,0,0,0,1
649,0,0,0,2,0,0,2,1,0,0,1,0,0,0,0,1
650,1,1,0,2,0,1,1,1,0,0,1,0,0,0,0,1
651,4,0,0,2,3,3,4,0,1,1,0,0,0,0,0,1
652,1,0,2,1,0,0,0,1,0,0,0,0,0,0,0,1
653,4,0,2,2,1,2,1,1,0,0,1,0,0,0,1,0
654,4,1,0,2,3,2,1,1,0,0,1,0,0,0,0,1
655,4,1,0,4,3,3,3,1,0,0,1,0,0,0,1,0
656,4,1,0,2,0,2,3,1,0,1,0,0,0,0,0,1
657,4,0,0,2,3,3,5,1,0,0,1,0,0,0,0,1
658,1,0,2,1,0,0,0,1,0,0,0,0,0,0,0,1
659,4,0,2,2,0,0,1,0,1,0,1,0,0,0,1,0
661,4,0,0,1,0,2,2,1,0,0,0,0,0,0,1,0
662,4,1,0,2,0,0,3,1,0,1,0,0,1,0,0,0
664,1,1,2,3,2,0,1,1,0,0,1,0,0,0,0,1
665,1,1,0,1,3,0,1,1,0,0,0,0,1,0,0,0
666,4,1,0,2,3,0,3,1,0,0,1,0,0,0,1,0
667,1,1,2,2,2,0,0,1,0,0,1,0,0,0,0,1
668,1,1,0,2,1,1,2,1,0,0,1,0,0,0,1,0
669,1,1,0,2,1,1,3,1,0,0,1,0,0,0,0,1
670,1,0,1,2,0,3,1,1,0,0,1,0,0,0,0,1
671,4,0,2,1,0,1,1,1,0,0,0,0,0,0,0,1
672,4,1,0,2,2,1,2,1,0,0,1,0,0,0,0,1
673,0,1,0,3,1,0,1,1,0,0,1,0,0,0,0,1
674,4,1,0,3,1,0,1,1,0,0,1,0,0,0,0,1
675,3,1,0,2,1,0,2,1,0,0,1,0,0,0,0,1
676,4,1,0,2,3,2,3,1,0,0,1,0,0,0,1,0
677,4,1,0,2,1,2,3,1,0,0,1,0,0,0,0,1
678,4,1,0,3,3,0,5,1,0,0,1,0,0,0,0,1
679,2,1,0,2,0,0,1,1,0,0,1,0,0,0,0,1
680,4,1,0,2,3,3,5,1,0,0,1,0,0,0,1,0
681,2,0,2,1,0,0,1,1,0,0,0,0,0,0,0,1
682,4,1,0,2,1,3,1,0,1,0,1,0,0,0,0,1
683,2,0,2,1,0,0,1,1,0,0,0,0,0,0,0,1
684,4,1,1,2,1,3,5,1,0,0,1,0,0,0,1,0
685,2,1,2,2,3,0,2,1,0,0,1,0,1,0,0,0
687,4,1,1,2,2,0,1,1,0,0,1,0,0,0,0,1
688,4,1,0,2,1,2,1,1,0,1,0,0,0,1,0,0
689,1,1,2,2,1,0,1,1,0,0,1,0,0,0,0,1
690,4,1,0,3,1,3,1,1,0,0,1,0,0,0,0,1
691,0,1,1,3,3,2,5,1,0,0,1,0,0,0,1,0
692,4,1,0,2,0,0,1,1,0,1,0,0,0,0,0,1
693,0,1,2,2,1,1,1,1,0,0,1,0,0,0,0,1
694,1,0,2,2,0,2,2,1,0,0,1,0,0,0,0,1
695,4,1,0,2,1,1,2,1,0,0,1,0,0,0,1,0
696,1,1,0,3,3,2,1,1,0,0,1,0,0,0,0,1
697,4,1,0,2,1,1,1,0,1,0,1,0,0,0,0,1
698,1,1,1,1,1,1,1,0,0,0,0,0,0,0,0,1
699,3,1,0,2,3,1,1,1,0,0,1,0,0,0,0,1
700,4,0,2,1,3,1,0,1,0,0,0,0,0,0,0,1
701,4,1,0,1,3,0,5,1,0,0,0,0,1,0,0,0
702,4,1,0,0,3,0,5,0,1,0,0,0,0,0,0,1
703,1,1,0,2,0,1,1,1,0,0,1,0,0,0,0,1
704,4,1,0,3,1,1,3,1,0,0,1,0,0,0,0,1
705,3,1,0,2,1,1,1,1,0,0,1,0,0,0,0,1
706,1,1,2,3,1,0,1,1,0,0,1,0,0,0,0,1
707,3,1,0,2,3,0,1,1,0,0,1,0,0,0,0,1
708,1,1,2,2,0,1,2,1,0,0,1,0,0,0,0,1
709,3,1,0,3,3,1,2,1,0,0,1,0,0,0,0,1
710,4,0,2,3,3,3,2,1,0,1,0,0,0,0,1,0
711,4,0,0,2,0,0,0,0,0,0,1,0,0,0,0,1
712,1,1,0,2,1,1,1,1,0,0,1,0,0,0,0,1
714,3,1,0,3,1,3,1,1,0,0,1,0,0,0,0,1
715,0,1,0,3,1,0,2,1,0,0,1,0,0,0,0,1
716,3,0,0,3,1,0,5,1,0,0,1,0,0,0,0,1
717,1,1,0,3,0,0,0,1,0,0,1,0,0,0,0,1
718,4,1,0,3,3,3,5,1,0,0,1,0,0,0,0,1
719,4,1,0,2,3,1,1,1,0,0,1,0,0,0,0,1
720,4,1,0,2,3,0,5,1,0,0,1,0,0,0,0,1
721,1,1,2,2,2,0,2,1,0,0,1,0,0,0,0,1
722,3,0,2,2,1,0,1,1,0,0,1,0,0,0,1,0
723,4,1,0,2,3,0,5,1,0,0,1,0,0,0,0,1
724,4,0,2,1,1,0,3,1,0,0,0,0,1,0,0,0
725,4,1,0,2,3,0,1,1,0,0,1,0,0,0,1,0
726,4,1,0,2,3,0,1,1,0,0,1,0,0,0,0,1
727,3,0,2,2,0,0,1,1,0,0,1,0,0,0,0,1
729,4,0,2,3,0,0,1,1,0,0,1,0,0,0,0,1
730,3,1,0,2,1,0,2,1,0,0,1,0,0,0,0,1
731,0,1,0,2,1,0,1,1,0,0,1,0,0,0,1,0
732,1,1,1,2,0,3,1,1,0,0,1,0,0,0,0,1
733,4,1,1,1,0,0,1,1,0,0,0,0,0,0,0,1
734,2,1,1,2,0,0,2,0,1,1,0,0,0,0,0,1
735,1,0,2,2,0,0,0,1,0,0,1,0,0,0,0,1
736,4,1,0,2,3,1,2,1,0,0,1,0,0,0,0,1
737,4,0,2,3,1,1,1,1,0,0,1,0,0,0,1,0
738,4,1,0,4,3,0,1,1,0,0,1,0,0,0,0,1
739,0,0,2,1,0,0,0,1,0,0,0,0,0,0,0,1
740,4,1,0,2,3,2,5,1,0,0,1,0,0,0,0,1
741,4,1,0,2,3,3,2,1,0,0,1,0,0,0,0,1
742,4,1,0,1,1,0,2,1,0,0,0,0,0,0,0,1
743,2,1,0,2,1,1,1,1,0,0,1,0,0,0,0,1
744,4,1,0,2,3,2,5,1,0,0,1,0,0,0,0,1
746,4,1,0,2,0,0,1,1,0,0,1,0,0,0,0,1
747,4,1,0,2,2,0,1,1,0,0,1,0,0,0,0,1
748,1,0,1,1,0,0,0,1,0,0,0,0,0,0,0,1
749,4,0,0,4,1,1,5,1,0,1,0,0,0,0,1,0
750,4,1,0,2,1,1,1,1,0,0,1,0,0,0,0,1
751,4,1,0,2,0,3,1,1,0,0,1,0,0,0,0,1
752,4,0,0,2,3,2,4,1,0,0,1,0,0,0,0,1
753,2,0,1,2,1,1,1,1,0,0,1,0,0,0,1,0
754,3,1,0,2,2,0,1,1,0,0,1,0,0,0,0,1
755,2,1,0,2,3,0,5,1,0,0,1,0,0,0,0,1
756,2,0,0,2,0,1,1,0,1,0,1,0,0,0,0,1
757,4,1,0,2,3,0,3,1,0,0,1,0,0,0,0,1
758,4,1,0,3,3,3,5,1,0,0,1,0,0,0,0,1
759,2,1,2,2,0,0,1,1,0,0,1,0,0,0,0,1
760,4,1,0,3,3,1,5,1,0,0,1,0,0,0,0,1
762,4,1,0,2,3,1,1,1,0,0,1,0,0,0,0,1
763,4,1,0,1,1,2,1,1,0,0,0,0,0,1,0,0
764,4,1,2,2,1,1,1,1,0,0,1,0,0,0,0,1
765,4,1,0,2,2,2,5,1,0,1,0,0,0,0,0,1
766,4,1,0,4,1,3,1,1,0,1,0,0,0,0,0,1
767,4,1,0,2,2,2,5,1,0,0,1,0,0,0,1,0
768,4,1,0,2,1,1,1,1,0,0,1,0,1,0,0,0
769,3,1,0,3,1,0,1,1,0,0,1,0,0,0,0,1
770,2,1,0,2,1,0,2,1,0,0,1,0,0,0,0,1
771,4,0,0,2,3,3,5,1,0,0,1,0,0,0,0,1
772,3,1,0,2,2,0,5,1,0,0,1,0,0,0,0,1
773,4,1,0,2,2,1,1,1,0,0,1,0,0,0,0,1
774,4,0,2,1,0,0,1,1,0,0,0,0,0,0,0,1
775,2,0,1,2,1,1,0,1,0,0,1,0,0,0,1,0
776,4,1,0,2,2,0,0,1,0,0,1,0,0,0,0,1
777,0,1,0,2,0,1,1,1,0,0,1,0,0,0,0,1
778,4,1,0,2,3,0,5,1,0,0,1,0,0,0,0,1
779,1,1,2,1,0,0,0,1,0,0,0,0,0,0,0,1
780,3,1,0,2,3,0,4,1,0,0,1,0,0,0,0,1
781,1,1,0,3,3,2,5,1,0,1,0,0,0,0,0,1
782,4,1,0,3,3,0,5,1,0,0,1,0,0,0,0,1
783,2,0,0,2,1,0,0,1,0,0,1,0,0,0,0,1
784,4,1,1,3,1,1,0,1,0,0,1,0,0,0,1,0
785,3,1,1,2,0,1,1,1,0,0,1,0,0,0,0,1
786,0,1,0,2,1,0,1,0,1,0,1,0,0,0,0,1
787,4,1,0,2,3,1,5,1,0,0,1,0,0,0,0,1
788,4,1,0,2,3,0,5,1,0,0,1,0,0,0,0,1
789,2,0,2,3,0,0,1,1,0,0,1,0,0,0,0,1
790,4,1,0,2,0,1,1,1,0,1,0,0,0,0,0,1
791,4,1,0,2,3,2,0,1,0,0,1,0,0,0,0,1
792,4,1,0,2,3,1,3,0,1,0,1,0,0,0,0,1
793,4,1,0,2,0,1,1,1,0,0,1,0,0,0,0,1
794,1,1,2,2,1,1,1,1,0,0,1,0,0,0,0,1
795,1,1,0,2,1,1,4,1,0,0,1,0,0,0,0,1
796,2,0,2,2,1,0,2,1,0,0,1,0,0,0,0,1
797,1,1,0,2,1,0,2,1,0,0,1,0,0,0,0,0
798,4,1,0,4,3,1,3,1,0,0,1,0,0,0,0,1
799,4,0,2,2,0,2,0,1,0,0,1,0,0,0,0,1
800,4,0,2,3,1,3,4,0,1,0,1,0,0,0,1,0
801,1,1,0,2,3,0,5,1,0,0,1,1,0,0,0,0
802,4,0,0,4,3,2,1,1,0,0,1,0,0,0,0,1
803,4,1,0,2,3,0,5,1,0,0,1,0,0,0,0,1
805,1,1,0,3,2,0,2,1,0,0,1,0,0,0,0,1
806,3,1,0,2,1,0,3,1,0,0,1,0,0,0,0,1
807,4,1,0,3,3,1,1,1,0,0,1,0,0,0,0,1
808,4,0,2,3,0,0,1,1,0,0,1,0,0,0,0,1
809,1,1,0,2,1,1,1,0,1,0,1,0,0,0,0,1
810,1,1,0,2,0,1,1,1,0,0,1,0,0,0,0,1
811,3,1,0,3,2,0,3,1,0,0,1,0,0,0,0,1
812,4,1,0,3,1,0,1,0,1,1,0,0,0,0,0,1
813,0,1,2,2,0,0,1,1,0,0,1,0,0,0,0,1
814,4,1,0,2,2,0,4,1,0,0,1,0,0,0,0,1
815,4,0,0,1,0,0,0,1,0,0,0,0,0,0,0,1
816,4,1,0,2,2,1,3,1,0,0,1,0,0,0,0,1
817,4,1,2,2,3,1,5,1,0,0,1,0,0,0,0,1
818,1,0,0,1,0,0,0,1,0,0,0,0,0,0,0,1
819,4,1,0,3,3,0,5,1,0,0,1,0,0,0,0,1
820,4,1,0,2,3,3,5,1,0,0,1,0,0,0,0,1
821,1,0,2,2,0,2,0,1,0,0,1,0,0,0,0,1
822,4,1,0,2,1,1,2,1,0,0,1,0,0,0,0,1
823,4,1,0,2,3,1,1,1,0,0,1,0,0,0,0,1
824,3,0,0,2,1,0,1,1,0,0,1,0,0,0,0,1
825,1,0,2,2,0,0,0,1,0,0,1,0,0,0,0,1
826,3,1,0,3,1,0,5,1,0,0,1,0,0,0,0,1
827,1,1,2,3,0,0,2,1,0,0,1,0,0,0,0,1
828,1,1,0,2,3,0,2,1,0,0,1,0,0,0,0,1
829,1,1,0,2,1,0,5,1,0,0,1,0,0,0,0,1
830,4,0,0,3,3,1,1,1,0,0,1,0,0,0,0,1
831,1,1,2,2,3,1,5,1,0,0,1,0,0,0,0,1
832,3,1,0,3,2,0,1,1,0,0,1,0,0,0,0,1
833,0,0,2,2,0,0,1,1,0,0,1,0,0,0,0,1
835,4,1,0,3,1,0,1,1,0,0,1,0,0,0,0,1
836,4,1,0,1,2,0,5,1,0,0,0,0,0,0,0,1
837,2,1,1,2,1,0,4,1,0,0,1,0,0,1,0,0
838,3,1,1,1,1,1,2,1,0,0,0,0,0,0,0,1
839,4,1,0,2,2,1,2,1,0,0,1,0,1,0,0,0
840,2,1,0,3,1,0,1,1,0,0,1,0,0,0,0,1
841,3,0,0,3,1,1,2,1,0,0,1,0,0,0,0,1
842,1,1,0,2,0,1,1,0,1,0,1,0,0,0,0,1
843,0,1,0,2,1,0,1,1,0,0,1,0,0,0,0,1
844,4,1,2,2,0,0,0,1,0,0,1,0,0,0,0,1
845,1,0,0,3,3,0,5,1,0,0,1,0,0,0,0,1
846,4,1,0,2,1,1,1,1,0,0,1,0,0,0,0,1
847,4,1,0,2,3,1,1,1,0,0,1,0,0,0,0,1
848,4,1,0,2,2,0,3,1,0,0,1,0,0,0,0,1
849,3,0,2,2,1,0,1,1,0,0,1,0,0,0,0,1
850,4,1,1,2,1,1,1,1,0,0,1,0,1,0,0,0
851,4,0,2,2,0,0,3,1,0,0,1,0,0,0,0,1
852,2,1,0,3,1,1,2,0,1,0,1,0,0,0,0,1
853,4,0,0,3,3,3,3,1,0,0,1,0,0,0,0,1
854,1,0,0,2,0,0,0,1,0,0,1,0,0,0,0,1
855,4,1,0,2,1,1,1,1,0,0,1,0,1,0,0,0
856,2,0,2,2,1,3,1,1,0,0,1,0,0,0,1,0
857,1,1,0,3,1,1,1,1,0,0,1,0,0,0,0,1
858,4,0,0,3,0,1,2,1,0,1,0,0,0,0,0,1
859,4,1,0,2,3,3,5,1,0,0,1,0,0,0,1,0
860,3,1,0,2,1,0,3,1,0,0,1,0,1,0,0,0
861,4,1,0,3,3,0,5,1,0,0,1,0,0,0,0,1
862,1,1,2,2,0,0,1,1,0,0,1,0,0,0,0,1
863,4,1,0,2,1,0,2,0,0,0,1,0,0,0,0,1
864,1,1,0,2,2,3,1,1,0,0,1,0,0,0,0,1
865,3,1,0,3,3,0,5,1,0,0,1,0,0,0,0,1
866,4,1,0,2,3,1,1,1,0,0,1,0,0,0,0,1
867,3,0,2,1,0,0,0,1,0,0,0,0,0,0,0,1
868,1,1,2,1,1,2,0,1,0,0,0,0,0,0,0,1
869,4,1,1,2,0,0,1,1,0,0,1,0,1,0,0,0
870,4,1,0,2,1,2,5,1,0,0,1,0,0,0,0,1
871,4,0,0,1,1,0,0,1,0,0,0,0,0,0,0,1
872,3,1,0,3,2,3,1,1,0,0,1,0,0,0,0,1
873,1,1,1,2,1,0,4,1,0,0,1,0,0,0,0,1
874,4,1,0,2,3,0,1,1,0,1,0,0,0,0,0,1
875,3,0,2,2,1,0,0,1,0,0,1,0,0,0,0,1
876,1,0,2,2,0,0,1,1,0,1,0,0,0,0,0,1
877,4,0,0,0,0,0,0,1,0,0,0,0,0,0,0,1
878,1,0,2,2,2,0,1,1,0,0,1,0,0,0,0,1
879,3,1,0,2,1,1,5,1,0,0,1,0,0,0,0,1
880,2,0,0,3,2,0,5,1,0,0,1,0,0,0,0,1
881,4,1,0,1,1,0,0,1,0,0,0,0,0,0,0,1
882,4,1,0,2,3,1,5,1,0,0,1,0,0,0,0,1
883,2,1,1,3,1,2,1,1,0,0,1,0,0,0,0,1
884,1,0,1,1,0,0,0,1,0,0,0,0,0,0,0,1
885,4,0,0,3,1,2,1,1,0,0,1,0,0,0,0,0
886,4,0,2,1,1,3,1,1,0,0,0,0,0,0,0,1
887,1,1,0,2,1,0,2,1,0,0,1,0,0,0,0,0
888,4,1,0,2,2,0,1,1,0,1,0,0,1,0,0,0
889,4,1,0,2,2,1,1,1,0,0,1,0,0,0,0,1
890,4,1,0,2,0,0,0,1,0,0,1,0,0,0,0,1
891,4,1,0,2,3,1,1,1,0,0,1,0,1,0,0,0
892,4,0,0,2,3,1,5,1,0,0,1,0,0,0,0,1
893,4,1,0,2,2,2,1,1,0,1,0,0,0,0,0,1
894,4,1,0,2,1,0,5,1,0,0,1,0,0,0,0,1
895,3,0,2,2,1,0,1,1,0,0,1,0,0,0,0,1
896,1,1,0,2,0,1,2,1,0,0,1,0,0,0,0,1
897,4,1,0,2,3,1,1,0,1,1,0,0,0,0,0,1
898,4,1,0,2,2,0,1,1,0,0,1,0,0,0,0,1
899,4,1,0,3,3,1,3,1,0,0,1,0,0,1,0,0
900,4,1,0,2,3,1,5,1,0,0,1,0,0,0,0,1
901,0,0,0,3,0,0,1,1,0,0,1,0,0,0,0,1
902,3,1,2,2,1,2,5,1,0,0,1,0,0,0,0,1
904,4,0,0,2,1,0,1,1,0,0,1,0,0,0,0,1
905,2,1,0,2,0,0,1,0,1,0,1,0,0,0,0,1
906,4,1,0,1,1,0,0,1,0,0,0,0,0,0,0,1
907,3,0,0,3,1,2,4,1,0,0,1,0,0,1,0,0
908,1,1,0,2,0,0,0,1,0,0,1,0,0,0,0,1
909,4,1,2,2,2,0,5,1,0,0,1,0,0,0,0,1
910,1,1,0,2,0,0,2,1,0,0,1,0,0,0,0,1
911,4,1,0,2,1,0,5,1,0,0,1,0,0,0,0,1
912,4,0,2,1,0,0,1,1,0,0,0,0,0,0,0,1
913,4,1,0,2,3,0,5,1,0,0,1,0,0,0,0,1
914,4,1,0,2,1,0,2,1,0,0,1,0,0,0,0,1
915,4,1,0,3,3,0,5,1,0,0,1,0,0,0,1,0
916,4,1,0,2,2,2,1,1,0,0,1,0,0,0,0,1
917,4,1,0,3,3,0,2,1,0,0,1,0,0,0,0,1
918,0,1,2,2,0,0,0,1,0,0,1,0,0,0,0,1
919,4,1,0,2,2,0,3,1,0,0,1,0,0,0,0,1
920,3,1,0,3,2,0,1,1,0,0,1,0,0,0,0,1
921,4,1,0,3,3,0,2,1,0,0,1,0,0,0,0,1
922,4,0,2,2,2,2,5,1,0,0,1,0,0,0,1,0
923,2,0,2,2,0,0,0,1,0,0,1,0,0,0,0,1
924,1,1,2,2,1,3,1,0,1,0,1,0,0,0,0,1
925,2,0,0,2,0,1,2,1,0,0,1,0,0,0,0,1
926,1,1,0,2,0,3,2,0,1,0,1,0,0,0,0,1
927,1,1,0,2,1,1,3,1,0,0,1,0,0,0,1,0
928,4,1,1,2,1,3,5,1,0,1,0,0,0,0,0,1
929,3,1,0,2,2,1,4,1,0,0,1,0,0,0,0,1
930,1,0,0,2,1,3,1,1,0,0,1,0,0,0,0,1
931,4,1,0,4,3,3,2,1,0,0,1,0,0,0,0,1
932,1,1,0,2,1,1,1,1,0,0,1,0,0,0,0,1
933,3,1,0,2,2,0,1,1,0,0,1,1,0,0,0,0
934,4,1,0,2,1,1,2,1,0,1,0,0,1,0,0,0
935,0,1,2,2,0,0,1,1,0,0,1,1,0,0,0,0
936,1,1,0,2,0,3,2,1,0,0,1,0,0,0,0,1
937,3,0,0,3,3,0,2,1,0,0,1,0,1,0,0,0
938,1,1,1,2,1,0,5,1,0,0,1,0,0,0,0,1
939,3,0,2,1,0,0,1,1,0,0,0,0,0,0,0,1
940,4,1,0,2,1,2,2,0,1,0,1,0,0,0,0,1
941,1,1,0,2,0,0,0,1,0,1,0,0,0,0,0,1
942,4,1,0,2,3,0,1,1,0,1,0,1,0,0,0,0
943,4,1,0,0,3,0,5,1,0,0,0,0,0,0,0,1
944,3,1,0,3,3,3,5,1,0,0,1,0,0,0,0,1
945,3,1,0,3,3,0,3,1,0,0,1,0,0,0,0,1
946,4,1,0,2,3,0,5,1,0,0,1,0,0,0,0,1
947,0,0,2,2,1,0,1,1,0,0,1,0,0,0,0,1
948,1,1,2,2,1,3,0,1,0,0,1,0,0,0,0,1
949,4,1,0,3,3,1,1,1,0,0,1,0,0,0,0,1
950,3,1,0,3,3,0,1,1,0,0,1,0,0,0,0,1
951,3,0,0,2,0,0,1,1,0,1,0,0,0,0,0,1
952,1,1,0,3,2,2,4,1,0,0,1,0,0,0,0,1
953,4,1,0,2,3,0,5,1,0,0,1,0,0,0,0,1
954,4,1,0,2,1,1,1,0,1,1,0,0,0,0,0,1
955,4,0,0,2,2,0,1,1,0,1,0,0,0,0,0,1
956,4,1,0,2,2,2,5,1,0,0,1,0,0,0,1,0
957,4,1,0,3,3,0,2,1,0,0,1,1,0,0,0,0
958,2,0,2,2,0,3,0,0,1,0,1,0,0,0,0,1
959,3,1,0,3,3,0,2,1,0,1,0,0,0,0,0,1
960,0,1,0,2,0,0,1,1,0,0,1,1,0,0,0,0
961,4,1,0,4,1,3,4,1,0,0,1,0,0,0,0,1
962,2,0,0,1,0,0,0,1,0,0,0,0,0,0,0,1
963,4,1,0,3,3,1,1,1,0,0,1,0,0,0,0,1
964,4,1,0,2,3,2,5,1,0,0,1,0,0,0,0,1
965,4,1,0,2,1,3,1,1,0,0,1,0,0,0,0,1
966,3,1,0,1,3,3,1,1,0,0,0,0,0,0,0,1
967,4,1,0,2,1,2,0,1,0,0,1,0,0,0,0,1
968,1,1,0,2,2,0,3,1,0,0,1,0,0,0,0,1
969,4,1,0,2,3,0,2,1,0,1,0,0,0,0,0,1
970,1,1,0,2,1,1,2,0,1,0,1,0,0,0,0,1
971,1,1,0,2,0,1,1,1,0,1,0,0,0,0,0,1
972,3,1,0,3,2,3,1,1,0,0,1,0,0,0,0,1
973,4,1,0,4,3,2,5,1,0,0,1,0,0,0,0,1
974,1,0,2,2,0,0,0,1,0,0,1,0,0,0,0,1
975,2,1,0,2,1,0,1,1,0,0,1,0,0,0,0,1
976,1,0,0,2,2,3,5,1,0,0,1,0,0,0,1,0
977,4,1,0,2,3,0,5,1,0,0,1,0,0,0,0,1
978,4,0,0,3,0,0,1,1,0,1,0,0,0,0,0,1
979,4,1,0,1,1,0,1,1,0,0,0,0,0,0,0,1
980,3,0,1,2,0,0,2,1,0,0,1,0,0,0,0,1
981,3,1,0,2,0,1,1,1,0,0,1,0,0,0,0,1
982,3,1,0,2,3,0,1,1,0,0,1,0,0,0,0,1
983,3,1,0,2,1,0,1,1,0,0,1,0,0,0,0,1
984,4,1,0,2,0,1,3,1,0,0,1,0,0,0,0,1
985,3,1,0,3,1,0,5,1,0,0,1,0,0,0,0,1
986,4,0,2,2,2,0,5,1,0,0,1,0,0,0,0,1
987,1,1,0,2,0,0,1,1,0,0,1,0,0,0,0,1
988,4,1,0,2,1,1,1,1,0,0,1,0,0,1,0,0
989,0,1,2,2,0,0,1,1,0,0,1,0,0,0,1,0
990,4,1,0,4,0,2,1,1,0,0,1,0,0,0,1,0
991,4,1,0,2,0,1,1,1,0,0,1,0,0,0,0,1
992,4,1,0,2,3,0,5,1,0,0,1,0,0,0,0,1
994,4,1,0,2,0,0,1,1,0,1,0,0,0,0,0,1
995,1,1,2,2,1,2,1,1,0,0,1,0,0,0,0,1
996,4,1,0,2,2,0,2,1,0,0,1,0,0,0,0,1
997,3,0,0,3,1,1,1,1,0,0,1,0,0,0,0,1
998,3,1,0,3,1,0,1,1,0,0,1,0,0,0,0,1
999,2,1,0,2,3,3,1,1,0,0,1,0,0,0,0,1
1000,4,0,0,1,1,0,1,1,0,0,0,0,0,0,0,1
1001,3,1,1,3,3,3,1,1,0,0,1,0,0,0,0,1
1002,4,1,0,2,1,2,5,1,0,0,1,0,0,0,0,1
1003,4,1,0,2,3,0,5,1,0,1,0,0,0,0,0,1
1004,4,1,0,1,0,0,1,1,0,0,0,0,0,0,0,1
1005,1,1,2,2,1,0,1,1,0,0,1,0,0,0,0,1
1007,4,0,2,2,1,3,1,1,0,0,1,0,0,0,1,0
1009,1,0,0,0,0,0,0,1,0,0,0,0,0,0,0,1
1010,1,0,0,1,0,0,0,1,0,0,0,0,0,0,0,1
1011,3,1,1,3,1,3,4,1,0,0,1,0,0,0,0,1
1012,2,0,2,3,0,0,0,1,0,0,1,0,0,0,0,1
1013,2,0,0,2,0,0,1,1,0,1,0,0,0,0,0,1
1014,1,1,0,2,1,2,3,0,1,0,1,0,0,0,0,1
1015,4,1,2,2,1,0,3,1,0,0,1,0,0,0,0,1
1016,3,1,0,2,3,0,2,1,0,0,1,0,0,0,0,1
1017,4,1,0,2,2,0,0,1,0,0,1,0,0,0,0,1
1018,4,1,0,2,2,3,5,1,0,0,1,0,0,0,0,1
1019,3,1,0,3,3,2,3,1,0,0,1,0,0,0,0,1
1020,3,1,2,3,1,1,2,1,0,0,1,0,0,0,0,1
1021,1,1,0,3,2,0,5,1,0,0,1,0,0,0,0,1
1022,3,1,0,2,1,0,2,1,0,0,1,0,0,0,0,1
1023,4,1,0,2,2,0,4,1,0,0,1,0,0,0,0,1
1024,2,1,0,3,3,3,1,1,0,0,1,0,0,0,0,1
1025,4,1,0,2,3,3,5,1,0,0,1,0,0,0,0,1
1026,3,1,0,3,3,0,1,1,0,0,1,0,0,0,0,1
1027,4,1,0,2,3,3,5,1,0,0,1,0,0,0,0,1
1028,2,1,0,2,2,1,3,1,0,0,1,0,0,0,1,0
1029,4,0,0,2,1,2,3,1,0,0,1,0,0,0,1,0
1030,4,1,0,2,3,0,4,1,0,0,1,0,0,0,0,1
1031,0,1,1,2,0,0,2,1,0,0,1,0,0,0,0,1
1032,4,1,0,2,3,3,5,1,0,0,1,0,0,0,0,1
1033,4,1,0,2,1,0,1,1,0,1,0,0,1,0,0,0
1034,4,1,0,2,3,3,5,1,0,0,1,0,0,0,0,1
1035,2,0,2,3,1,0,1,1,0,0,1,0,0,0,0,1
1036,4,0,0,2,0,1,2,1,0,0,1,0,0,0,0,1
1037,1,1,0,2,0,0,1,1,0,0,1,0,0,0,0,1
1038,4,1,0,2,3,0,4,1,0,1,0,1,0,0,0,0
1039,4,1,0,2,1,3,5,1,0,0,1,0,0,0,0,1
1040,1,1,0,2,1,1,1,1,0,0,1,0,1,0,0,0
1041,2,0,0,3,1,1,1,1,0,0,1,0,0,0,0,1
1042,4,1,0,2,1,1,1,1,0,0,1,0,1,0,0,0
1043,4,1,0,2,2,0,1,1,0,0,1,0,0,0,0,1
1044,0,1,0,2,1,2,2,1,0,0,1,0,0,0,0,1
1045,4,1,2,1,0,3,1,1,0,0,0,0,0,0,0,1
1046,1,1,2,2,0,3,1,1,0,0,1,0,0,0,0,1
1047,2,1,0,3,2,1,1,1,0,0,1,0,0,1,0,0
1048,3,1,2,2,1,0,1,1,0,0,1,0,0,0,0,1
1049,4,1,1,3,1,3,2,1,0,0,1,0,0,0,0,1
1050,1,1,2,3,1,2,0,1,0,0,1,0,0,0,0,1
1051,4,1,1,2,1,3,4,1,0,1,0,0,0,0,0,1
1053,1,0,2,2,0,0,0,1,0,0,1,0,0,0,0,1
1054,3,1,0,3,3,0,1,1,0,0,1,0,0,0,0,1
1055,4,1,0,2,2,0,5,1,0,0,1,0,0,0,0,1
1056,4,1,0,2,1,1,2,1,0,0,1,0,0,0,0,1
1057,4,1,0,2,2,0,1,1,0,0,1,1,0,0,0,0
1058,3,1,0,2,1,0,1,1,0,0,1,0,0,0,0,1
1059,4,1,0,2,2,1,4,1,0,0,1,0,0,0,0,1
1061,4,0,0,4,2,1,5,1,0,0,1,0,0,0,1,0
1062,4,1,0,2,1,1,3,1,0,0,1,0,0,0,0,1
1063,1,1,0,2,1,1,1,1,0,0,1,0,0,0,0,1
1064,1,0,0,2,2,0,2,1,0,0,1,1,0,0,0,0
1065,1,1,0,2,1,0,2,1,0,0,1,1,0,0,0,0
1066,4,0,0,2,0,0,3,1,0,0,1,0,0,0,0,1
1067,1,1,0,3,0,1,2,1,0,1,0,0,0,0,0,1
1068,4,1,0,2,2,3,2,1,0,0,1,0,0,0,0,1
1069,2,0,0,2,1,0,0,1,0,0,1,0,0,0,0,1
1070,3,0,0,0,1,0,0,1,0,0,0,0,0,0,0,1
1071,4,1,0,2,0,0,1,0,1,1,0,0,0,0,0,1
1072,4,0,2,2,1,0,4,1,0,1,0,0,0,0,0,1
1073,4,1,0,2,3,1,1,1,0,0,1,0,0,0,0,1
1074,2,1,0,2,0,1,2,0,1,0,1,0,0,0,1,0
1075,4,1,0,2,1,2,2,1,0,0,1,0,0,0,0,1
1076,4,0,0,2,1,0,1,1,0,0,1,0,0,0,0,1
1077,3,1,1,3,2,1,3,1,0,0,1,0,0,0,0,1
1078,1,1,0,2,1,0,1,1,0,0,1,0,0,0,0,1
1079,4,1,0,2,3,2,3,1,0,0,1,0,0,0,0,1
1080,2,1,0,2,1,1,1,1,0,0,1,0,0,0,0,1
1081,1,1,0,2,1,0,3,1,0,0,1,0,0,0,0,1
1082,4,0,2,1,1,0,1,1,0,0,0,0,0,0,0,1
1083,1,1,0,3,1,0,2,1,0,0,1,1,0,0,0,0
1084,4,1,0,2,1,1,1,1,0,0,1,0,0,0,0,1
1085,4,0,0,4,3,1,1,1,0,0,1,0,0,1,0,0
1086,4,1,0,3,3,0,5,1,0,0,1,0,0,0,0,1
1087,4,1,0,2,3,0,1,1,0,0,1,0,0,0,0,1
1088,4,1,0,2,2,0,5,1,0,0,1,0,0,0,0,1
1089,0,0,2,2,1,0,0,1,0,0,1,0,0,0,0,1
1090,4,1,0,2,3,2,5,1,0,0,1,0,0,0,0,1
1092,4,0,2,4,1,0,1,0,1,0,1,0,0,0,0,1
1093,4,1,0,2,3,1,1,1,0,0,1,0,0,0,0,1
1094,4,1,0,2,3,2,5,1,0,0,1,0,0,0,0,1
1095,4,0,0,3,0,2,1,1,0,1,0,0,0,0,0,1
1096,4,1,0,2,1,0,3,1,0,0,1,0,1,0,0,0
1097,3,0,2,2,0,3,2,0,1,0,1,0,0,0,0,1
1098,1,0,2,2,0,0,0,1,0,0,1,0,0,0,0,1
1099,3,1,1,2,3,0,1,1,0,0,1,0,1,0,0,0
1100,1,1,0,2,1,0,1,1,0,0,1,0,0,0,0,1
1101,4,0,0,3,2,0,1,1,0,0,1,0,0,0,0,1
1103,4,1,0,3,2,2,5,1,0,0,1,0,0,0,0,1
1105,4,0,0,2,2,2,5,1,0,0,1,0,0,0,0,1
1106,3,1,1,2,0,0,1,1,0,0,1,0,1,0,0,0
1107,3,1,0,3,1,1,2,1,0,0,1,0,0,0,0,1
1108,4,1,0,2,0,0,1,1,0,0,1,0,0,0,0,1
1109,4,1,2,2,1,1,1,0,1,0,1,0,1,0,0,0
1110,3,1,0,3,0,0,1,1,0,0,1,0,0,0,0,1
1111,4,1,0,2,2,1,4,1,0,0,1,0,1,0,0,0
1112,1,1,0,3,3,1,5,1,0,0,1,0,0,0,0,1
1113,1,1,2,2,0,0,1,0,1,0,1,0,0,0,0,1
1114,4,1,0,2,1,1,2,1,0,0,1,0,0,1,0,0
1115,2,1,0,2,0,0,2,1,0,0,1,1,0,0,0,0
1116,4,1,0,3,3,0,5,1,0,0,1,0,0,0,0,1
1117,4,0,2,2,2,0,1,1,0,0,1,0,0,0,0,1
1118,1,1,1,2,0,0,1,1,0,0,1,0,1,0,0,0
1120,4,1,0,3,2,2,2,0,1,0,1,0,0,0,0,1
1121,2,1,0,2,3,1,1,1,0,0,1,0,1,0,0,0
1122,4,1,0,2,3,3,2,1,0,0,1,0,0,0,0,1
1123,4,1,0,2,1,2,4,1,0,1,0,0,0,0,0,1
1125,1,0,2,2,0,0,1,1,0,0,1,0,0,0,0,1
1126,4,1,0,2,3,3,1,1,0,0,1,0,0,0,0,1
1127,4,1,1,2,0,0,2,1,0,0,1,0,0,0,0,1
1128,4,1,0,2,1,2,2,1,0,0,1,0,0,0,0,1
1129,1,1,0,2,0,0,0,1,0,0,1,0,0,0,0,1
1130,4,0,0,2,0,2,0,1,0,0,1,0,0,0,0,1
1131,4,1,0,2,3,0,3,1,0,0,1,0,0,0,0,1
1132,4,1,0,3,3,1,1,1,0,0,1,0,0,0,0,1
1133,4,1,0,2,3,0,1,1,0,0,1,0,0,0,0,1
1134,2,1,2,2,2,1,5,1,0,0,1,0,0,0,0,1
1135,2,1,0,2,1,0,1,1,0,0,1,0,0,0,0,1
1136,4,1,0,2,3,0,4,1,0,0,1,0,0,0,0,1
1137,4,1,0,2,2,0,5,1,0,0,1,0,0,0,0,1
1138,4,1,2,2,0,3,1,1,0,0,1,0,0,0,0,1
1139,3,1,0,3,1,0,3,1,0,0,1,0,0,0,0,1
1140,2,1,1,3,2,0,3,1,0,0,1,0,0,0,0,1
1142,4,0,0,2,3,1,1,1,0,0,1,0,0,0,1,0
1143,4,1,0,2,3,1,1,1,0,0,1,0,0,0,0,1
1144,1,0,0,2,0,2,1,1,0,0,1,0,0,0,0,1
1145,4,1,0,2,1,0,1,1,0,0,1,0,0,0,0,1
1146,3,1,0,4,3,0,5,1,0,0,1,0,0,0,0,1
1147,4,1,0,2,1,1,5,0,1,1,0,0,0,0,0,1
1148,4,1,0,3,3,0,3,1,0,0,1,0,0,0,0,1
1149,4,0,2,1,1,0,1,1,0,0,0,0,0,0,0,1
1150,3,1,0,2,1,0,0,1,0,1,0,0,0,0,0,1
1151,1,1,2,2,1,0,4,1,0,0,1,0,0,0,1,0
1152,4,1,0,2,2,0,2,1,0,0,1,0,0,0,0,1
1153,4,1,0,3,3,1,5,1,0,0,1,0,0,0,0,1
1154,4,1,0,3,3,0,4,1,0,0,1,0,1,0,0,0
1155,4,1,0,4,3,0,2,1,0,0,1,0,1,0,0,0
1156,4,1,2,1,0,3,1,0,1,0,0,0,0,0,0,1
1157,4,0,0,2,3,1,1,1,0,0,1,0,0,0,1,0
1158,4,1,0,3,3,0,5,1,0,0,1,0,1,0,0,0
1159,3,1,2,2,1,1,1,1,0,0,1,0,0,0,0,1
1160,2,0,0,2,2,0,5,1,0,0,1,0,0,0,0,1
1161,4,1,0,2,2,1,1,1,0,0,1,0,0,0,0,1
1162,4,1,0,3,3,1,3,1,0,0,1,0,0,0,0,1
1163,1,0,2,2,0,0,1,1,0,0,1,0,0,0,0,1
1164,4,0,2,2,0,1,1,1,0,0,1,0,0,0,0,1
1165,4,1,0,3,3,3,1,1,0,0,1,0,0,0,0,1
1166,3,1,0,2,1,0,3,1,0,0,1,0,0,0,0,1
1167,0,0,0,2,0,0,0,0,1,0,1,1,0,0,0,0
1168,3,1,0,3,2,1,3,1,0,0,1,0,0,0,0,1
1169,4,1,0,2,1,1,1,1,0,1,0,0,0,0,0,1
1170,4,1,0,3,3,0,2,1,0,0,1,0,1,0,0,0
1171,3,1,0,3,1,1,1,1,0,0,1,0,0,0,0,1
1172,4,1,0,2,3,2,5,1,0,0,1,0,0,0,1,0
1173,4,1,0,2,3,0,0,1,0,0,1,0,0,0,0,1
1175,4,1,0,3,3,1,5,1,0,0,1,0,0,0,0,1
1176,1,1,0,2,1,0,2,1,0,0,1,0,0,0,0,1
1177,4,1,0,2,1,1,1,1,0,0,1,0,0,0,0,1
1178,4,1,0,3,3,0,5,1,0,0,1,0,0,0,0,1
1179,4,1,1,2,2,0,4,1,0,0,1,0,0,0,0,1
1180,3,1,0,3,3,3,3,1,0,0,1,0,0,0,0,1
1181,4,1,0,3,3,1,1,1,0,0,1,0,0,0,0,1
1182,2,1,1,3,1,3,5,1,0,0,1,0,0,0,0,1
1183,4,1,0,2,1,0,5,1,0,0,1,0,0,0,0,1
1184,4,1,0,2,3,0,4,1,0,0,1,0,0,0,0,1
1185,4,1,0,2,1,1,1,1,0,0,1,0,1,0,0,0
1186,3,0,0,2,3,3,4,1,0,0,1,0,0,0,0,1
1187,4,0,2,3,1,2,1,1,0,0,1,0,0,0,0,1
1188,4,1,0,1,3,1,1,1,0,0,0,0,0,0,0,1
1189,3,0,0,2,0,0,1,1,0,0,1,0,0,0,0,1
1190,1,0,2,2,0,0,0,1,0,0,1,0,0,0,0,1
1191,1,1,0,2,1,0,1,1,0,0,1,1,0,0,0,0
1192,4,1,1,2,1,2,1,1,0,0,1,0,0,0,0,1
1193,1,1,2,3,0,3,1,1,0,0,1,0,0,0,0,1
1194,4,0,2,1,1,0,1,1,0,0,0,0,0,0,0,1
1195,4,0,0,0,1,0,3,1,0,0,0,0,0,0,0,1
1196,2,1,0,2,1,0,2,1,0,0,1,0,0,0,0,1
1197,4,1,1,2,1,0,1,0,0,1,0,0,0,1,0,0
1198,4,1,0,3,1,1,1,0,1,0,1,0,0,0,0,1
1200,1,0,0,3,3,0,2,1,0,0,1,0,0,0,0,1
1201,1,1,0,2,1,2,1,1,0,0,1,0,0,0,0,1
1202,4,1,0,2,3,0,5,1,0,0,1,0,0,0,0,1
1203,2,0,2,2,0,0,0,1,0,1,0,0,0,0,0,1
1204,3,1,0,3,3,0,2,1,0,0,1,0,0,0,0,1
1205,3,1,0,2,2,1,1,1,0,0,1,0,0,0,0,1
1206,4,0,0,1,0,1,1,1,0,0,0,0,0,0,0,1
1207,4,1,0,2,3,0,2,1,0,1,0,0,0,0,0,1
1208,4,1,0,3,1,0,1,0,1,0,1,0,0,0,0,1
1209,2,1,0,2,1,1,1,1,0,1,0,0,0,1,0,0
1211,1,0,2,2,0,0,1,1,0,0,1,0,0,0,0,1
1212,4,1,0,2,3,3,1,1,0,0,1,0,0,0,0,1
1213,3,0,2,1,0,1,1,1,0,0,0,0,0,0,0,1
1214,3,1,0,2,3,0,5,1,0,0,1,0,0,0,0,1
1215,4,1,0,2,3,0,5,1,0,0,1,0,0,0,0,1
1216,4,1,0,2,1,0,5,1,0,0,1,0,0,0,0,1
1217,4,1,0,2,0,1,2,0,1,1,0,0,0,0,0,1
1218,4,1,2,2,1,0,1,1,0,0,1,0,0,0,0,1
1220,3,0,2,1,0,0,1,1,0,0,0,0,0,0,0,1
1221,1,0,2,1,0,0,0,1,0,0,0,0,0,0,0,1
1222,4,1,0,2,1,1,5,1,0,0,1,0,0,0,0,1
1223,1,1,0,2,0,1,1,1,0,0,1,0,0,0,0,1
1224,4,0,2,1,1,1,1,0,0,0,0,0,0,0,1,0
1225,4,1,0,2,0,1,2,1,0,0,1,0,0,0,0,1
1226,1,1,0,2,1,0,1,1,0,0,1,0,0,0,0,1
1227,3,1,0,2,3,0,3,1,0,0,1,0,0,0,0,1
1228,4,0,2,2,1,0,0,1,0,0,1,0,0,0,0,1
1229,1,0,0,2,1,0,1,1,0,0,1,0,0,0,0,1
1230,4,0,0,4,1,1,2,0,1,0,1,0,1,0,0,0
1231,0,0,0,2,0,0,4,1,0,0,1,0,0,0,0,1
1232,3,1,0,2,1,0,4,1,0,0,1,0,0,0,0,1
1233,3,1,2,2,1,3,5,1,0,0,1,0,0,0,0,1
1234,4,0,1,2,1,0,2,1,0,0,1,0,0,0,0,1
1235,4,1,0,2,0,3,1,1,0,1,0,0,0,0,0,1
1236,1,1,2,2,0,1,1,1,0,0,1,0,0,0,0,1
1237,1,1,0,2,0,2,1,1,0,0,1,0,0,0,0,1
1238,4,0,2,1,1,0,0,1,0,0,0,0,0,0,0,1
1239,3,1,0,2,0,2,2,1,0,0,1,0,0,0,0,1
1240,3,0,2,1,0,0,1,1,0,0,0,0,0,0,0,1
1241,4,1,0,3,3,0,5,1,0,0,1,0,0,0,0,1
1242,4,1,0,3,1,1,4,1,0,0,1,0,0,0,1,0
1243,4,1,0,3,3,0,2,1,0,0,1,0,0,0,0,1
1244,4,1,0,2,1,0,1,1,0,0,1,0,0,0,0,1
1245,1,0,0,2,0,2,2,1,0,0,1,0,0,0,0,1
1246,1,1,0,2,1,0,1,1,0,0,1,0,0,0,0,1
1247,1,1,0,2,0,1,2,1,0,1,0,0,0,0,0,1
1248,4,0,0,3,1,2,1,1,0,0,1,0,0,0,1,0
1249,4,1,2,2,1,3,2,1,0,0,1,0,0,0,0,1
1250,1,0,0,2,1,0,1,1,0,0,1,1,0,0,0,0
1251,4,0,2,2,0,0,1,1,0,0,1,0,0,0,0,1
1252,4,1,0,2,3,3,5,1,0,0,1,0,0,0,0,1
1253,0,0,0,1,0,0,4,1,0,0,0,0,0,0,0,1
1254,3,1,0,2,1,0,4,1,0,0,1,0,1,0,0,0
1255,1,1,0,2,1,3,2,1,0,0,1,0,0,0,0,1
1256,3,0,2,2,1,0,1,0,1,0,1,0,0,0,0,1
1257,4,1,0,3,3,0,5,1,0,0,1,0,0,0,0,1
1258,3,1,0,3,2,1,0,1,0,0,1,0,0,0,0,1
1259,4,1,0,2,3,0,1,1,0,0,1,1,0,0,0,0
1260,4,1,0,2,2,0,1,1,0,0,1,1,0,0,0,0
1261,4,0,0,1,1,1,3,1,0,0,0,0,0,0,1,0
1262,2,1,0,2,0,0,1,1,0,0,1,1,0,0,0,0
1263,1,0,0,2,1,1,1,1,0,0,1,0,0,0,0,1
1264,4,1,0,4,2,1,0,0,1,0,1,0,0,0,0,1
1265,2,1,1,2,0,1,1,1,0,0,1,0,0,0,0,1
1266,1,1,0,2,1,1,2,1,0,0,1,0,0,0,0,1
1267,4,0,2,3,1,0,4,1,0,1,0,0,0,0,1,0
1268,4,0,0,1,1,0,4,1,0,0,0,0,0,0,0,1
1269,4,1,0,2,3,0,5,1,0,0,1,0,0,0,0,1
1270,1,0,2,2,0,0,0,1,0,0,1,0,0,0,0,1
1271,4,1,0,2,2,2,5,1,0,0,1,0,0,0,1,0
1272,1,1,0,2,2,0,2,1,0,0,1,0,0,0,0,1
1273,4,1,0,2,2,1,1,1,0,0,1,0,0,0,0,1
1274,4,1,0,2,1,0,1,1,0,0,1,0,0,0,0,1
1275,4,1,0,2,2,1,3,1,0,0,1,0,1,0,0,0
1276,4,1,0,2,0,1,2,1,0,0,1,0,0,0,0,1
1277,2,1,0,2,1,0,5,1,0,0,1,0,0,0,0,1
1279,4,1,0,2,3,1,1,1,0,0,1,0,0,0,0,1
1281,1,0,0,1,1,0,4,1,0,0,0,0,0,0,0,1
1282,3,1,0,3,1,0,1,1,0,1,0,0,0,0,0,1
1283,3,1,0,2,1,1,1,1,0,0,1,0,0,0,0,1
1284,4,1,0,2,2,2,2,1,0,0,1,0,0,0,0,1
1286,4,0,0,1,1,0,4,1,0,0,0,0,0,0,0,1
1287,4,1,0,2,1,3,1,1,0,0,1,0,0,0,0,1
1288,4,1,0,4,3,2,2,1,0,0,1,0,0,1,0,0
1289,3,1,2,2,1,3,1,1,0,0,1,0,0,0,0,1
1290,1,0,2,3,1,0,0,0,1,0,1,0,0,0,0,1
1291,0,1,2,2,0,1,2,1,0,0,1,0,0,1,0,0
1292,4,0,0,2,1,0,0,0,0,1,0,0,0,0,1,0
1293,4,1,0,2,1,0,1,1,0,0,1,1,0,0,0,0
1294,2,0,0,2,0,0,0,1,0,0,1,0,0,0,0,1
1295,4,1,0,2,2,1,1,0,0,0,1,0,0,1,0,0
1296,1,0,0,2,1,2,1,1,0,0,1,0,0,0,0,1
1298,4,1,0,3,3,1,5,1,0,0,1,0,0,0,0,1
1299,1,0,0,2,3,1,2,1,0,0,1,0,0,0,0,1
1300,4,0,2,1,0,0,0,1,0,0,0,0,0,0,0,1
1301,0,1,2,2,1,0,1,1,0,0,1,1,0,0,0,0
1302,1,1,0,3,1,3,1,1,0,0,1,0,0,0,1,0
1303,4,1,0,3,2,3,5,1,0,0,1,0,0,0,0,1
1304,1,1,2,2,2,0,2,1,0,0,1,0,0,0,0,1
1305,2,1,0,3,2,2,4,1,0,0,1,0,0,0,0,1
1306,4,1,2,2,1,0,2,1,0,0,1,0,0,0,1,0
1308,4,1,0,2,1,0,1,1,0,1,0,0,1,0,0,0
1309,1,1,0,2,1,1,1,1,0,0,1,0,0,0,0,1
1310,1,1,0,3,1,3,1,1,0,0,1,0,0,0,0,1
1311,4,1,0,3,2,0,3,1,0,0,1,0,0,0,0,1
1312,4,0,1,3,3,3,5,1,0,0,1,0,0,0,0,1
1313,4,1,0,4,3,0,2,0,1,0,1,0,0,0,0,1
1314,4,1,0,2,1,0,1,1,0,0,1,0,1,0,0,0
1315,2,1,0,2,0,0,1,0,0,0,1,0,1,0,0,0
1316,1,0,0,2,1,1,1,1,0,0,1,0,0,0,1,0
1317,3,1,0,3,3,2,0,1,0,0,1,0,0,0,0,1
1318,2,0,2,3,0,0,1,0,1,0,1,0,0,0,0,1
1319,4,1,0,2,2,0,4,1,0,0,1,0,0,0,0,1
1320,4,1,0,2,3,0,1,1,0,0,1,0,0,0,0,1
1321,1,1,2,3,0,1,1,0,1,0,1,0,0,0,0,1
1322,4,0,2,2,1,0,1,1,0,0,1,0,0,0,0,1
1323,1,1,0,2,3,3,2,1,0,0,1,0,0,0,0,1
1324,4,0,2,1,1,0,1,1,0,0,0,0,0,0,0,1
1325,0,1,0,2,0,0,1,1,0,0,1,0,0,0,0,1
1326,1,0,0,0,0,0,0,1,0,0,0,0,0,0,0,1
1327,4,0,2,1,0,1,1,1,0,0,0,0,0,0,0,1
1328,2,1,2,2,0,0,1,1,0,0,1,0,0,0,0,1
1329,1,1,0,2,1,2,4,1,0,0,1,0,0,0,0,1
1330,2,1,2,3,1,0,3,1,0,0,1,0,0,0,0,1
1331,2,1,0,2,0,0,4,1,0,0,1,0,0,0,0,1
1332,3,0,2,2,1,0,1,1,0,0,1,0,0,0,0,1
1333,4,1,0,2,1,0,2,0,1,1,0,0,0,0,0,1
1334,4,1,0,3,1,1,5,1,0,0,1,0,0,0,0,1
1335,4,1,0,3,3,2,1,1,0,1,0,0,0,0,0,1
1336,2,1,2,2,1,0,2,1,0,0,1,0,0,0,0,1
1337,4,1,0,2,3,1,5,1,0,0,1,0,0,0,0,1
1338,3,1,0,2,2,0,1,1,0,0,1,0,0,0,0,1
1340,3,1,2,2,2,0,1,1,0,0,1,0,0,0,0,1
1341,3,1,0,2,1,0,1,1,0,1,0,1,0,0,0,0
1342,4,1,0,2,3,1,5,1,0,0,1,0,0,0,0,1
1343,4,1,0,2,2,0,1,1,0,0,1,0,0,0,0,1
1344,4,1,0,3,3,1,1,1,0,1,0,0,0,0,0,1
1345,4,0,0,2,3,0,5,1,0,0,1,0,0,0,0,1
1346,1,0,2,2,0,0,0,1,0,0,1,0,0,0,0,1
1347,4,0,0,0,0,0,0,1,0,0,0,0,0,0,0,1
1348,4,1,2,3,2,1,3,1,0,0,1,0,0,0,0,1
1349,3,1,0,2,1,0,1,1,0,1,0,0,0,0,0,1
1350,0,0,2,1,0,0,0,1,0,0,0,0,0,0,0,1
1351,4,1,0,3,2,3,4,1,0,0,1,0,0,0,0,1
1352,3,1,1,2,0,0,2,1,0,0,1,0,0,0,0,1
1353,1,0,0,3,0,1,1,0,1,0,1,0,0,0,0,1
1354,4,0,2,1,2,0,3,1,0,0,0,0,0,0,0,1
1355,1,1,0,2,0,0,2,1,0,0,1,0,0,0,0,1
1356,3,1,2,1,2,1,3,1,0,0,0,0,0,0,0,1
1357,4,1,0,3,2,1,1,1,0,0,1,0,0,0,0,1
1358,4,1,0,3,3,1,1,0,1,0,1,0,0,0,0,1
1359,3,1,0,3,2,0,5,1,0,0,1,0,0,0,0,1
1360,3,1,0,1,3,0,1,1,0,0,0,0,0,0,0,1
1361,2,0,1,1,0,0,1,0,0,0,0,0,0,0,0,1
1362,1,1,0,2,0,0,0,1,0,0,1,0,0,0,0,1
1363,4,1,0,3,3,2,2,1,0,0,1,0,0,0,0,1
1364,4,1,0,2,2,0,2,1,0,0,1,0,0,0,0,1
1365,1,1,0,2,1,3,5,1,0,0,1,0,0,0,0,1
1366,1,0,0,3,2,1,4,1,0,0,1,0,0,0,0,1
1367,4,0,2,2,1,3,1,1,0,0,1,0,0,0,1,0
1368,4,1,0,2,2,3,1,1,0,0,1,0,0,0,0,1
1369,4,0,2,2,1,0,4,1,0,0,1,0,0,0,0,1
1370,4,1,0,3,3,1,1,1,0,1,0,0,0,0,0,1
1371,4,1,0,1,0,0,2,1,0,0,0,0,0,0,0,1
1372,4,0,2,2,0,0,1,1,0,0,1,0,0,0,0,1
1373,2,0,2,2,0,0,0,0,1,0,1,0,0,0,0,1
1374,3,1,0,1,1,0,3,1,0,0,0,0,0,0,0,1
1375,4,1,0,3,2,0,2,1,0,0,1,0,0,0,0,1
1376,4,1,0,2,3,1,1,1,0,0,1,0,0,0,0,1
1377,4,1,0,3,3,2,5,1,0,0,1,0,0,0,0,1
1378,1,1,0,3,0,1,1,0,1,0,1,0,0,0,0,1
1379,4,1,0,2,3,2,5,1,0,0,1,0,0,0,0,1
1380,4,1,0,3,3,0,4,1,0,0,1,0,0,0,0,1
1381,2,1,2,3,3,2,2,1,0,0,1,0,0,0,0,1
1382,4,1,0,2,1,2,1,1,0,0,1,0,0,0,0,1
1383,4,0,0,2,0,2,0,1,0,1,0,0,0,0,0,1
1384,2,1,2,0,0,2,1,1,0,0,0,0,0,0,0,1
1385,4,1,0,3,3,0,5,1,0,0,1,1,0,0,0,0
1387,0,1,0,3,2,1,4,1,0,0,1,0,0,0,0,1
1388,1,1,2,2,0,1,1,1,0,0,1,0,0,0,0,1
1389,3,1,0,1,3,0,5,1,0,0,0,0,0,0,0,1
1390,4,1,0,2,3,3,5,1,0,0,1,0,0,0,0,1
1391,2,1,1,2,0,0,1,1,0,0,1,0,0,0,0,1
1392,4,1,0,3,3,0,2,0,1,0,1,1,0,0,0,0
1393,3,1,1,2,1,2,1,1,0,0,1,0,0,0,0,1
1394,4,0,2,1,0,2,2,1,0,0,0,0,0,0,1,0
1395,4,1,0,1,1,0,1,1,0,0,0,0,0,0,0,1
1396,4,1,0,3,2,1,2,1,0,0,1,0,0,0,0,1
1397,3,0,0,4,1,0,1,1,0,0,1,0,0,0,0,1
1398,3,1,0,1,2,0,1,1,0,0,0,0,1,0,0,0
1399,4,1,0,2,3,0,1,1,0,0,1,0,0,0,0,1
1400,4,1,0,2,3,2,5,1,0,0,1,0,0,0,0,1
1401,4,1,0,3,1,1,2,0,1,0,1,0,0,0,0,1
1402,4,1,0,3,3,0,1,1,0,0,1,0,0,0,0,1
1403,4,1,0,3,3,2,5,1,0,0,1,0,0,0,0,1
1404,4,1,0,2,2,0,1,1,0,0,1,0,0,0,0,1
1405,4,1,0,3,0,2,1,0,1,0,1,0,0,0,1,0
1406,4,1,0,2,3,2,4,1,0,0,1,0,0,0,0,1
1407,4,1,1,2,3,1,2,1,0,0,1,0,0,0,0,1
1408,1,0,2,3,0,0,0,0,1,0,1,0,0,0,0,1
1409,2,1,1,2,0,0,1,1,0,0,1,0,0,0,0,1
1410,2,1,1,2,1,0,4,1,0,0,1,0,0,0,0,1
1411,4,1,0,1,2,1,1,1,0,0,0,0,0,0,0,1
1412,4,1,0,2,3,0,5,1,0,0,1,0,0,0,0,1
1413,3,1,0,3,3,0,1,1,0,0,1,0,0,0,0,1
1414,4,1,0,3,2,1,5,1,0,0,1,0,1,0,0,0
1415,4,0,0,2,3,0,5,1,0,0,1,0,0,0,0,1
1416,4,1,0,3,2,2,4,1,0,0,1,0,0,0,0,1
1417,4,1,0,2,2,1,1,1,0,0,1,0,0,0,0,1
1418,3,0,0,4,3,1,1,1,0,0,1,0,0,1,0,0
1419,4,1,0,2,1,0,4,1,0,0,1,0,0,0,0,1
1420,4,1,0,1,1,1,1,1,0,0,0,0,0,0,0,1
1421,3,1,0,0,3,0,1,1,0,0,0,1,0,0,0,0
1423,3,1,0,2,1,1,1,1,0,0,1,0,0,0,0,1
1424,4,1,1,3,3,0,4,1,0,0,1,0,0,0,0,1
1425,4,1,0,2,3,2,1,1,0,0,1,0,0,0,0,1
1426,4,1,0,2,3,2,5,0,1,1,0,0,0,1,0,0
1427,1,0,0,2,0,0,0,1,0,1,0,0,0,0,0,1
1428,3,1,0,2,1,0,1,1,0,0,1,0,0,0,0,1
1429,1,1,0,2,0,0,2,0,1,0,1,0,0,0,0,1
1430,4,1,0,2,1,2,4,1,0,0,1,0,0,0,0,1
1431,3,1,0,2,1,1,2,1,0,0,1,0,0,0,0,1
1432,3,1,1,2,1,0,1,1,0,0,1,0,0,0,0,1
1433,3,0,2,3,2,0,5,1,0,0,1,0,0,0,0,1
1434,1,1,2,2,1,1,1,1,0,0,1,0,1,0,0,0
1435,4,1,0,2,2,1,1,1,0,0,1,0,0,0,0,1
1436,4,1,1,3,2,2,4,1,0,0,1,0,0,0,1,0
1437,2,1,2,3,1,2,1,1,0,0,1,0,0,0,0,1
1439,4,0,0,2,0,2,2,1,0,0,1,0,0,0,0,1
1440,4,1,0,2,3,0,5,1,0,0,1,0,1,0,0,0
1441,3,0,2,3,1,1,1,1,0,0,1,0,0,0,1,0
1442,4,1,0,3,3,0,5,1,0,0,1,0,1,0,0,0
1443,4,1,0,3,3,3,5,0,1,0,1,0,0,0,0,1
1444,3,1,2,3,3,2,5,1,0,0,1,0,0,0,1,0
1445,4,1,0,2,3,0,3,1,0,0,1,0,0,0,0,1
1446,4,0,0,2,3,0,5,1,0,0,1,0,0,0,0,1
1447,3,1,2,3,2,0,1,1,0,0,1,0,0,0,0,1
1448,4,1,0,3,3,0,1,1,0,1,0,0,0,1,0,0
1449,0,0,2,2,1,0,1,1,0,0,1,0,0,0,0,1
1450,1,0,0,4,1,1,0,0,1,0,1,0,0,0,1,0
1451,3,0,2,2,1,0,0,1,0,0,1,0,0,0,0,1
1452,4,1,0,2,1,0,2,1,0,0,1,0,0,0,0,1
1453,3,1,0,3,1,0,2,1,0,0,1,0,1,0,0,0
1454,4,1,0,2,3,3,5,1,0,0,1,0,0,0,0,1
1455,2,1,0,2,1,0,5,0,1,0,1,0,0,0,0,1
1456,4,0,0,2,3,0,5,1,0,0,1,0,1,0,0,0
1457,3,0,0,1,0,0,1,1,0,0,0,0,0,0,0,1
1458,3,0,0,2,1,0,5,1,0,1,0,0,0,0,0,1
1459,4,1,0,2,0,0,1,1,0,0,1,1,0,0,0,0
1460,4,1,0,2,0,0,1,1,0,0,1,0,0,0,0,1
1461,4,1,0,2,3,2,5,1,0,0,1,0,0,0,1,0
1462,3,1,0,3,3,0,5,1,0,0,1,0,0,0,0,1
1463,3,0,2,2,0,1,1,1,0,1,0,0,0,0,0,1
1464,3,1,1,1,1,0,5,1,0,0,0,0,0,0,0,1
1465,2,0,2,2,0,0,1,1,0,0,1,0,0,0,0,1
1466,1,1,0,2,2,0,2,1,0,0,1,0,0,0,0,1
1467,4,1,0,3,1,1,4,1,0,0,1,0,0,0,0,1
1468,2,0,0,3,0,0,0,1,0,1,0,0,0,0,0,1
1469,4,1,0,2,3,1,2,1,0,0,1,0,0,0,0,1
1470,2,0,0,2,0,0,0,1,0,0,1,0,0,0,0,1
1471,4,1,0,2,1,3,2,1,0,0,1,0,0,1,0,0
1472,4,1,0,2,2,3,1,1,0,0,1,0,0,0,0,1
1473,3,0,2,2,1,0,0,1,0,0,1,0,0,0,0,1
1474,1,0,2,1,1,0,0,1,0,0,0,0,0,0,0,1
1475,4,1,0,2,2,0,5,1,0,0,1,0,0,0,0,1
1476,4,1,0,2,1,3,1,1,0,0,1,0,0,0,0,1
1477,1,1,2,2,0,0,1,1,0,0,1,0,0,0,0,1
1478,2,0,0,2,0,0,1,1,0,0,1,0,0,0,0,1
1479,4,1,0,2,3,0,5,1,0,0,1,0,0,0,0,1
1480,4,1,2,1,2,1,1,1,0,0,0,0,0,0,0,1
1481,2,1,2,2,1,0,5,1,0,0,1,0,0,0,0,1
1482,4,1,0,2,1,0,4,1,0,0,1,0,0,0,0,1
1483,4,1,0,3,3,0,2,1,0,1,0,0,0,0,0,1
1484,4,1,0,2,3,0,1,1,0,0,1,1,0,0,0,0
1485,4,1,0,2,2,0,1,1,0,0,1,0,0,0,0,1
1486,1,0,0,3,0,0,2,1,0,0,1,0,0,0,0,1
1488,1,1,2,2,1,0,1,1,0,0,1,0,0,0,0,1
1489,4,0,0,2,0,1,1,0,1,0,1,0,0,1,0,0
1490,1,1,0,2,1,3,5,1,0,0,1,0,0,0,0,1
1491,4,1,1,2,2,3,1,1,0,0,1,0,0,0,0,1
1492,3,1,0,2,3,1,5,1,0,0,1,0,0,0,0,1
1493,1,1,0,2,0,2,1,0,1,0,1,0,0,0,0,1
1494,2,1,2,3,3,1,3,1,0,0,1,0,0,0,1,0
1495,3,0,2,2,1,0,5,1,0,0,1,0,0,0,0,1
1496,4,1,0,3,3,3,5,1,0,0,1,0,0,0,0,1
1497,4,1,2,3,3,1,5,1,0,0,1,0,0,0,0,1
1498,4,1,0,2,1,1,3,1,0,0,1,0,0,0,0,1
1499,3,1,0,3,2,0,1,1,0,0,1,0,0,0,0,1
1500,3,1,0,2,3,0,5,1,0,0,1,0,0,0,0,1
1501,4,0,0,3,3,1,5,1,0,0,1,0,0,0,0,1
1502,0,1,0,2,0,0,1,1,0,0,1,0,0,0,0,1
1503,4,1,0,2,3,1,5,1,0,0,1,0,0,0,0,1
1504,1,1,0,2,1,0,2,1,0,0,1,0,0,0,0,1
1505,4,1,0,2,3,0,2,1,0,0,1,0,0,0,0,1
1507,2,1,0,2,3,1,5,1,0,0,1,0,0,0,0,1
1508,3,0,2,3,0,2,1,1,0,0,1,0,0,0,1,0
1509,4,0,2,1,0,0,1,1,0,0,0,0,0,0,0,1
1510,3,1,0,2,0,2,0,1,0,0,1,0,0,0,0,1
1511,3,0,0,2,0,0,2,1,0,0,1,0,0,0,0,1
1512,3,1,2,2,1,0,2,1,0,0,1,0,0,0,0,1
1513,3,0,0,2,1,2,1,1,0,0,1,0,0,0,1,0
1514,4,1,0,3,3,3,5,1,0,0,1,0,0,0,1,0
1515,2,1,0,2,0,0,1,1,0,0,1,0,0,0,0,1
1516,4,1,0,2,3,0,1,1,0,0,1,0,0,0,0,1
1517,4,0,2,1,1,0,1,1,0,0,0,0,0,0,0,1
1518,4,1,0,2,3,0,3,1,0,0,1,0,0,0,0,1
1519,4,1,0,2,1,2,5,0,0,1,0,0,0,0,0,1
1520,4,1,0,2,3,2,1,1,0,0,1,0,0,0,0,1
1521,4,0,0,4,1,1,3,1,0,1,0,0,0,0,0,1
1523,4,1,2,2,1,0,3,1,0,0,1,0,0,0,0,1
1524,4,1,0,2,3,2,3,1,0,0,1,0,0,0,0,1
1525,4,1,0,2,2,0,1,1,0,0,1,0,0,0,0,1
1526,1,1,0,2,3,0,1,1,0,1,0,1,0,0,0,0
1527,1,1,2,2,0,0,2,1,0,0,1,0,0,0,0,1
1528,2,1,1,2,1,0,1,1,0,0,1,0,0,0,0,1
1529,4,1,0,2,3,0,1,1,0,1,0,1,0,0,0,0
1530,4,1,0,2,1,0,2,1,0,0,1,0,1,0,0,0
1531,4,0,2,2,1,1,2,1,0,0,1,0,0,1,0,0
1532,4,1,0,3,3,1,5,1,0,0,1,0,0,0,0,1
1533,4,1,0,2,3,0,2,1,0,0,1,0,0,0,0,1
1534,3,1,2,3,1,1,2,1,0,0,1,0,0,0,0,1
1535,2,1,2,3,3,1,5,1,0,0,1,0,0,0,0,1
1536,3,1,1,2,2,0,1,1,0,0,1,0,0,0,0,1
1537,4,0,0,2,1,0,0,0,1,0,1,0,0,0,0,1
1538,1,1,2,3,1,0,1,1,0,0,1,1,0,0,0,0
1539,4,1,0,2,3,1,5,1,0,0,1,0,0,0,0,1
1540,4,1,0,2,3,1,5,1,0,0,1,0,0,0,0,1
1541,4,0,2,2,1,2,1,1,0,0,1,0,0,0,1,0
1542,0,1,2,2,0,0,1,1,0,0,1,1,0,0,0,0
1543,4,1,0,2,0,1,1,1,0,0,1,0,1,0,0,0
1544,3,1,2,2,0,0,1,0,1,0,1,0,0,0,0,1
1545,4,1,0,2,1,1,4,1,0,0,1,0,0,0,0,1
1546,1,1,0,2,0,1,1,1,0,0,1,0,0,0,0,1
1547,3,1,0,2,0,2,0,1,0,0,1,0,0,0,0,1
1548,4,1,0,2,1,0,1,1,0,0,1,0,0,0,0,1
1549,1,0,0,1,3,0,0,1,0,0,0,0,0,0,0,1
1550,3,1,0,3,2,0,1,1,0,0,1,0,0,0,0,1
1551,4,1,0,2,1,3,1,0,1,0,1,0,0,0,0,1
1552,4,0,0,2,0,0,2,0,1,1,0,0,0,0,0,1
1553,2,1,0,2,1,0,1,1,0,0,1,0,0,0,0,1
1554,4,0,2,1,1,0,1,1,0,0,0,0,0,0,0,1
1555,0,1,1,3,2,0,5,1,0,0,1,0,0,0,0,1
1556,1,1,0,2,1,3,0,1,0,0,1,0,0,0,0,1
1557,4,1,0,2,3,0,1,1,0,0,1,1,0,0,0,0
1558,1,1,0,2,1,0,2,1,0,0,1,0,0,0,0,1
1559,3,1,0,2,1,0,1,1,0,0,1,0,0,0,0,1
1560,1,1,0,2,0,0,1,1,0,0,1,0,0,0,0,1
1561,3,1,0,2,1,2,5,1,0,0,1,0,0,0,0,1
1562,4,1,0,2,3,3,2,1,0,0,1,0,0,0,0,1
1563,4,0,0,2,3,3,2,1,0,0,1,0,0,0,0,1
1564,3,1,0,3,3,3,2,1,0,0,1,0,0,0,0,1
1565,1,0,2,2,0,0,0,1,0,0,1,0,0,0,0,1
1566,4,1,0,2,3,0,1,1,0,0,1,1,0,0,0,0
1567,4,1,0,2,3,3,3,1,0,0,1,0,0,0,0,1
1568,3,1,0,3,1,0,1,1,0,0,1,1,0,0,0,0
1569,3,1,1,1,2,2,3,1,0,0,0,0,0,0,0,1
1570,1,0,0,0,0,0,0,1,0,0,0,0,0,0,0,1
1571,1,0,2,2,1,0,1,1,0,0,1,0,0,0,0,1
1572,2,1,0,2,3,0,1,1,0,0,1,1,0,0,0,0
1573,1,1,0,2,0,1,1,1,0,0,1,0,0,0,0,1
1574,4,1,0,2,2,1,2,1,0,0,1,0,0,1,0,0
1575,0,0,2,2,1,2,1,1,0,0,1,0,0,0,0,1
1576,1,0,0,2,1,0,0,1,0,1,0,0,0,0,0,1
1577,4,1,0,4,1,1,1,1,0,0,1,0,0,0,0,1
1578,3,1,0,1,2,0,1,1,0,0,0,0,1,0,0,0
1579,1,1,0,2,2,1,2,1,0,0,1,0,0,0,1,0
1580,4,1,0,2,1,0,1,1,0,0,1,0,0,0,0,1
1581,4,1,0,4,3,0,1,1,0,1,0,0,0,0,0,1
1582,4,1,0,3,3,2,5,1,0,0,1,0,0,0,1,0
1583,4,1,0,3,1,0,1,1,0,1,0,0,0,0,0,1
1584,4,0,2,1,0,0,2,1,0,0,0,0,0,0,0,1
1585,1,0,2,2,0,0,1,1,0,0,1,0,0,0,0,1
1586,4,1,0,3,3,3,2,1,0,0,1,0,0,0,0,1
1587,1,1,0,2,3,0,2,1,0,0,1,0,0,1,0,0
1588,4,1,0,2,3,0,5,1,0,0,1,0,0,0,0,1
1589,1,1,0,2,0,0,3,1,0,0,1,0,0,0,0,1
1590,4,1,0,4,3,1,5,1,0,0,1,0,0,0,0,1
1591,1,1,0,2,1,3,3,1,0,0,1,0,0,0,0,1
1592,1,1,0,3,1,2,1,1,0,0,1,0,0,0,0,1
1593,4,1,0,2,3,1,5,1,0,0,1,0,0,0,0,1
1594,4,1,0,2,3,1,5,1,0,0,1,0,0,0,0,1
1595,4,1,0,2,3,1,5,1,0,0,1,0,0,0,0,1
1596,2,1,2,2,1,0,1,1,0,0,1,0,1,0,0,0
1597,0,0,2,2,0,0,1,1,0,0,1,0,0,0,0,1
1598,4,1,0,3,2,0,5,1,0,0,1,0,0,0,0,1
1599,4,1,0,2,2,1,3,0,1,0,1,0,0,0,0,1
1600,1,1,0,2,2,0,3,1,0,0,1,0,0,0,0,1
1601,3,1,0,2,2,0,2,1,0,0,1,0,0,0,0,1
1602,4,0,1,3,3,1,1,1,0,0,1,0,0,0,1,0
1603,4,1,0,2,3,0,1,1,0,0,1,0,0,0,0,1
1604,4,0,2,1,1,0,3,1,0,0,0,0,0,0,0,1
1605,3,1,0,2,3,1,5,0,1,0,1,0,0,0,0,1
1606,4,1,0,3,3,3,5,1,0,0,1,0,0,0,0,1
1607,4,1,0,2,3,0,5,1,0,0,1,0,0,0,0,1
1608,4,1,0,3,3,3,5,1,0,0,1,0,0,0,0,1
1609,3,1,2,1,1,1,3,1,0,0,0,0,0,0,0,1
1610,2,1,2,3,1,0,1,1,0,0,1,0,0,0,0,1
1611,0,1,0,2,0,0,1,1,0,0,1,0,0,0,0,1
1612,4,1,0,2,1,1,1,1,0,0,1,0,0,0,0,1
1613,0,1,1,3,0,0,0,1,0,0,1,0,0,1,0,0
1614,4,0,0,2,2,0,2,1,0,1,0,0,0,0,0,1
1615,4,0,1,3,0,0,1,0,1,0,1,0,1,0,0,0
1616,3,0,0,2,1,0,0,1,0,0,1,0,0,0,0,1
1617,1,0,1,2,0,0,1,1,0,0,1,0,0,0,0,1
1618,4,1,0,2,3,1,2,1,0,0,1,0,0,0,0,1
1619,4,0,0,3,0,2,1,0,1,0,1,0,0,0,0,1
1620,3,0,0,4,1,1,1,0,1,0,1,0,0,0,0,1
1621,4,0,0,2,0,0,2,1,0,0,1,0,0,0,0,1
1622,4,0,1,3,3,3,1,1,0,1,0,0,0,0,1,0
1623,1,1,0,2,1,1,1,0,1,0,1,0,0,0,0,1
1624,1,0,0,2,0,0,3,0,1,1,0,0,0,0,0,1
1625,4,0,2,2,1,0,2,1,0,1,0,0,0,0,0,1
1626,1,0,0,0,0,0,0,1,0,0,0,0,0,0,0,1
1627,1,1,0,3,3,0,0,1,0,0,1,0,0,0,0,0
1628,1,0,1,3,0,0,2,1,0,0,1,0,0,0,0,1
1629,1,0,2,2,0,0,1,1,0,0,1,0,0,0,0,1
1630,4,0,0,4,3,2,3,1,0,0,1,0,0,0,0,1
1631,4,1,2,2,2,3,5,1,0,0,1,0,0,0,0,1
1632,0,1,0,2,1,0,2,1,0,0,1,0,0,0,0,1
1633,4,1,0,1,1,0,0,1,0,0,0,0,0,0,0,1
1634,2,1,0,3,3,0,2,1,0,0,1,0,0,1,0,0
1635,2,0,2,1,0,0,1,1,0,0,0,0,0,0,0,1
1636,4,1,0,2,3,0,0,0,0,0,1,0,0,0,0,1
1637,1,1,0,2,0,1,2,1,0,0,1,0,0,0,0,1
1638,3,1,0,3,2,1,5,1,0,0,1,0,0,0,0,1
1639,4,0,2,3,0,0,3,1,0,0,1,0,0,0,1,0
1640,1,1,0,2,1,0,1,1,0,0,1,0,0,0,0,1
1641,1,1,0,3,2,0,3,1,0,0,1,0,0,0,0,1
1642,2,1,2,2,2,1,5,1,0,0,1,0,0,0,0,1
1643,1,0,2,2,0,0,0,1,0,0,1,0,0,0,0,1
1644,1,0,0,2,1,2,1,1,0,0,1,0,0,0,0,1
1645,4,1,0,2,3,1,5,1,0,0,1,0,0,0,0,1
1646,4,1,0,2,1,2,1,1,0,0,1,0,0,0,0,1
1647,3,1,1,2,1,0,4,1,0,0,1,0,0,0,0,1
1648,1,0,0,3,1,1,1,1,0,1,0,0,0,0,0,1
1649,4,1,2,3,0,0,3,1,0,0,1,0,0,0,0,1
1650,1,1,1,2,1,0,4,0,1,0,1,0,0,0,0,1
1651,1,0,2,1,0,0,0,1,0,0,0,0,0,0,0,1
1652,4,1,0,2,0,0,1,1,0,0,1,0,1,0,0,0
1653,3,1,0,1,2,0,1,1,0,0,0,0,1,0,0,0
1654,4,1,0,2,2,1,1,1,0,0,1,0,0,0,0,1
1655,1,1,0,3,1,2,1,1,0,0,1,0,0,0,0,1
1656,4,1,0,3,1,0,2,1,0,0,1,0,0,0,0,1
1657,4,1,0,2,2,3,1,1,0,0,1,0,0,0,0,1
1658,4,0,0,2,1,3,1,1,0,0,1,0,0,0,1,0
1659,4,1,0,2,0,0,1,1,0,0,1,0,0,0,0,1
1660,4,0,1,3,0,1,3,1,0,0,1,0,0,0,1,0
1661,0,0,2,2,0,0,2,1,0,0,1,0,0,0,0,1
1662,3,1,0,3,2,2,2,1,0,0,1,0,0,0,0,1
1663,4,1,0,2,2,1,1,0,1,0,1,0,0,0,0,1
1664,3,1,0,3,1,1,3,1,0,0,1,0,0,0,1,0
1665,3,1,1,2,2,0,1,1,0,0,1,0,0,0,0,1
1666,1,1,0,2,1,0,1,1,0,0,1,0,0,0,0,1
1667,2,1,0,2,1,0,1,1,0,0,1,0,0,0,0,1
1668,2,1,0,2,0,2,1,1,0,0,1,0,0,0,0,1
1669,2,1,0,2,1,0,3,1,0,0,1,0,0,0,0,1
1670,1,1,0,2,2,3,1,1,0,0,1,0,0,0,0,1
1671,3,0,0,3,1,0,1,1,0,0,1,0,0,0,0,1
1672,4,1,0,2,2,1,5,1,0,0,1,0,0,0,0,1
1673,4,1,0,3,2,2,0,1,0,0,1,0,0,0,0,1
1674,0,1,0,2,2,0,3,1,0,0,1,0,0,0,0,1
1675,3,0,0,2,0,0,1,1,0,0,1,1,0,0,0,0
1676,4,1,0,2,1,0,3,1,0,1,0,0,0,0,0,1
1677,3,0,0,3,0,2,1,1,0,0,1,0,0,0,0,1
1678,1,1,0,2,0,0,1,1,0,0,1,0,0,0,0,1
1679,4,0,0,3,0,0,1,1,0,0,1,0,0,0,0,1
1680,4,1,0,2,1,2,5,1,0,0,1,0,0,0,0,1
1681,4,1,0,3,1,2,2,1,0,0,1,0,0,0,0,1
1682,4,1,1,2,1,1,2,1,0,0,1,0,0,0,0,1
1683,2,1,0,2,1,0,2,1,0,0,1,0,0,0,0,1
1684,3,1,0,3,3,0,1,1,0,0,1,0,0,0,0,1
1685,4,0,0,3,3,1,5,0,0,0,1,0,0,0,0,0
1686,4,1,0,3,3,1,1,1,0,0,1,0,0,0,0,1
1687,4,1,0,2,2,1,5,1,0,0,1,0,0,0,0,1
1688,2,0,2,2,0,0,0,1,0,0,1,0,0,0,0,1
1689,3,0,2,1,0,0,1,1,0,0,0,0,0,0,0,1
1690,4,1,1,3,3,0,2,1,0,0,1,0,0,0,0,1
1691,4,1,0,3,2,1,3,1,0,1,0,0,0,0,0,1
1692,3,1,1,2,1,0,2,1,0,0,1,0,0,0,0,1
1693,1,0,2,2,0,0,1,1,0,0,1,0,0,0,0,1
1694,2,1,0,3,3,1,5,1,0,0,1,0,0,0,0,1
1695,4,1,0,1,3,1,4,1,0,0,0,0,0,0,0,1
1696,3,1,0,3,2,1,3,1,0,0,1,0,0,0,0,1
1697,2,1,0,2,3,1,5,1,0,1,0,0,0,0,0,1
1698,4,1,0,2,2,1,5,1,0,0,1,0,0,0,0,1
1699,2,1,0,2,3,0,1,1,0,1,0,1,0,0,0,0
1700,3,0,2,1,1,0,1,1,0,0,0,0,0,0,0,1
1701,4,1,1,2,0,3,3,1,0,0,1,0,0,0,0,1
1703,1,1,1,2,1,0,1,1,0,0,1,0,0,0,0,1
1704,1,0,0,2,0,3,1,1,0,0,1,0,0,0,0,1
1705,3,0,2,3,3,0,1,1,0,0,1,0,0,0,0,1
1706,4,1,0,3,0,2,2,1,0,1,0,0,0,0,0,1
1707,1,0,0,2,0,0,0,1,0,0,1,0,0,0,0,1
1708,3,1,0,2,2,1,1,0,1,0,1,0,0,0,0,1
1709,4,1,0,3,3,2,5,1,0,0,1,0,0,0,0,1
1710,3,0,0,2,0,3,2,0,1,1,0,0,0,0,0,1
1711,2,1,0,3,2,1,5,1,0,0,1,0,0,0,0,1
1712,4,0,0,3,1,0,1,0,1,0,1,1,0,0,0,0
1713,3,1,0,2,3,0,1,1,0,0,1,0,0,0,0,1
1714,4,1,2,2,0,2,1,1,0,0,1,0,0,1,0,0
1715,4,1,0,3,3,2,1,1,0,0,1,0,0,0,1,0
1716,1,1,0,2,0,0,1,1,0,0,1,0,0,0,0,1
1717,4,1,2,2,0,0,1,1,0,0,1,0,0,0,0,1
1718,3,1,1,2,3,0,1,1,0,0,1,0,0,0,0,1
1719,4,1,0,2,3,0,3,1,0,0,1,0,0,0,0,1
1720,1,0,2,2,0,0,1,1,0,0,1,0,0,0,0,1
1721,4,0,2,4,1,1,5,1,0,0,1,0,0,0,1,0
1723,4,1,0,2,2,1,2,1,0,0,1,0,0,0,1,0
1724,4,0,0,3,1,0,1,0,1,0,1,0,0,0,0,1
1725,1,0,2,2,1,0,0,1,0,0,1,0,0,0,0,1
1726,4,1,0,2,1,1,1,1,0,0,1,0,0,0,0,1
1727,3,0,2,2,0,0,0,0,1,0,1,0,0,0,0,1
1728,3,1,0,3,0,1,1,1,0,0,1,0,0,0,0,1
1729,1,1,2,2,0,0,1,1,0,0,1,0,0,0,0,1
1730,1,1,1,3,1,0,1,1,0,0,1,0,0,0,0,1
1731,2,1,1,2,2,0,5,1,0,0,1,0,0,0,0,1
1732,4,0,0,2,0,1,3,0,0,0,1,0,0,0,0,1
1733,1,1,0,2,1,0,1,1,0,0,1,0,0,0,0,1
1734,3,1,0,3,3,0,3,1,0,0,1,0,1,0,0,0
1735,4,1,0,2,3,3,5,1,0,0,1,0,0,0,0,1
1736,3,1,0,3,1,1,2,1,0,0,1,0,0,0,0,1
1737,4,1,0,3,1,1,3,1,0,0,1,0,0,0,1,0
1738,3,1,0,3,3,0,1,1,0,0,1,0,0,0,0,1
1739,1,1,0,2,1,0,2,1,0,0,1,0,0,0,0,1
1740,4,1,0,3,2,3,1,1,0,0,1,0,0,0,0,1
1741,1,1,0,2,1,1,0,1,0,0,1,0,0,0,0,1
1742,4,1,0,3,3,3,5,1,0,0,1,0,0,0,1,0
1743,4,1,0,2,1,0,4,1,0,0,1,1,0,0,0,0
1744,4,1,0,2,3,0,2,1,0,0,1,0,0,0,0,1
1745,3,1,0,3,3,0,1,1,0,0,1,0,0,0,0,1
1746,1,1,1,2,0,3,0,1,0,0,1,0,0,0,0,1
1747,4,0,2,4,1,0,0,0,1,0,1,0,0,1,0,0
1748,4,1,0,3,1,0,4,0,1,0,1,0,0,0,0,1
1749,0,1,0,3,1,0,3,1,0,0,1,0,0,0,0,1
1750,4,1,0,3,2,3,1,1,0,0,1,0,0,0,0,1
1751,2,0,1,2,0,0,2,1,0,0,1,0,0,0,0,1
1752,4,0,2,2,0,0,0,0,1,0,1,0,0,0,0,1
1753,4,1,0,1,3,0,5,1,0,0,0,0,0,0,0,1
1754,3,1,0,3,3,1,2,1,0,1,0,0,0,0,0,1
1755,1,0,2,3,0,1,1,1,0,0,1,0,0,0,0,1
1756,4,1,0,3,2,0,1,1,0,0,1,0,1,0,0,0
1757,4,1,0,2,0,1,1,1,0,0,1,0,0,1,0,0
1758,4,1,2,2,1,3,1,1,0,0,1,0,0,0,0,1
1759,3,1,2,2,0,2,1,0,1,0,1,0,0,0,0,1
1760,0,1,0,2,1,0,2,1,0,1,0,0,0,0,0,1
1761,1,1,1,2,2,1,2,1,0,0,1,0,0,0,0,1
1762,1,0,0,3,0,0,1,1,0,0,1,0,0,0,0,1
1764,3,1,0,2,3,0,5,1,0,0,1,0,0,0,0,1
1765,3,1,0,3,2,2,1,1,0,0,1,0,0,0,0,1
1766,1,1,0,3,1,0,1,0,1,0,1,0,0,0,0,1
1767,4,0,0,2,3,1,5,1,0,1,0,0,0,0,0,1
1768,4,0,2,2,1,0,2,0,1,0,1,0,0,0,1,0
1769,4,0,0,2,3,0,1,1,0,0,1,0,0,0,0,1
1770,1,0,0,2,0,0,1,1,0,0,1,0,0,0,0,1
1771,3,0,2,2,1,0,1,0,1,1,0,0,0,0,0,1
1773,2,1,0,2,2,1,3,1,0,0,1,0,0,0,0,0
1774,4,1,0,3,3,0,3,1,0,1,0,0,0,0,0,1
1775,4,1,0,3,3,2,5,1,0,0,1,0,0,0,0,1
1776,4,1,0,2,0,0,2,1,0,1,0,0,0,0,0,1
1777,3,1,1,1,1,2,1,1,0,0,0,0,0,0,0,1
1778,1,0,2,2,0,0,0,1,0,0,1,0,0,0,0,1
1781,1,0,0,2,0,0,1,1,0,0,1,0,0,0,0,1
1782,2,1,0,2,1,1,2,1,0,0,1,0,0,0,0,1
1783,4,0,0,0,0,0,2,1,0,0,0,0,0,0,0,1
1784,1,0,2,2,0,0,0,1,0,0,1,0,0,0,0,1
1785,4,1,0,2,3,0,1,1,0,1,0,1,0,0,0,0
1786,4,1,0,2,3,1,1,1,0,0,1,0,0,0,0,1
1787,3,1,2,2,2,0,1,1,0,0,1,0,0,0,0,1
1788,4,1,0,4,1,1,1,1,0,0,1,0,1,0,0,0
1789,1,1,0,2,0,0,0,1,0,0,1,0,0,0,0,1
1790,4,0,0,3,3,3,5,1,0,1,0,0,0,0,0,1
1791,4,1,0,2,2,0,4,1,0,0,1,0,0,0,0,1
1793,1,0,0,2,0,1,0,0,1,0,1,0,0,0,1,0
1794,4,0,2,1,0,0,1,1,0,0,0,0,0,0,0,1
1795,2,1,0,3,2,0,1,1,0,0,1,1,0,0,0,0
1796,4,1,0,2,3,3,5,1,0,0,1,0,0,0,0,1
1797,4,1,0,3,1,0,2,0,1,0,1,0,0,0,1,0
1798,4,1,1,1,2,1,1,1,0,0,0,0,0,0,0,1
1800,2,1,0,2,2,0,2,1,0,0,1,0,0,0,0,1
1801,1,1,0,2,1,0,1,1,0,0,1,0,0,0,0,1
1802,4,1,0,2,1,0,4,1,0,0,1,0,0,0,0,1
1803,4,1,0,3,3,3,5,1,0,0,1,0,0,0,0,1
1804,1,1,0,2,1,0,2,1,0,0,1,0,0,0,0,1
1805,1,1,0,2,1,3,4,1,0,0,1,0,0,0,0,1
1806,1,1,0,3,2,1,2,1,0,0,1,0,0,0,0,1
1807,3,1,0,1,1,1,0,1,0,0,0,0,0,0,0,1
1808,3,0,2,1,0,0,1,1,0,0,0,0,0,0,0,1
1809,0,1,0,2,1,0,1,1,0,0,1,0,0,0,0,1
1810,2,1,0,3,1,1,1,1,0,1,0,0,0,0,0,1
1811,4,0,2,2,1,0,1,0,1,0,1,0,0,0,0,1
1812,3,1,0,2,3,0,5,1,0,0,1,0,0,0,0,1
1813,0,0,0,2,0,0,1,1,0,0,1,0,0,0,0,1
1814,1,1,2,2,0,2,1,1,0,0,1,0,0,0,0,1
1815,3,1,2,2,1,0,2,1,0,0,1,0,0,0,0,1
1816,1,1,0,2,2,0,2,1,0,0,1,0,0,0,0,1
1817,1,0,2,1,0,0,1,1,0,0,0,0,0,0,0,1
1818,1,0,0,2,3,0,0,1,0,0,1,0,1,0,0,0
1819,1,1,0,2,1,1,4,1,0,0,1,0,0,0,0,1
1820,1,0,0,2,2,0,1,1,0,0,1,0,1,0,0,0
1821,1,0,2,2,0,0,1,1,0,0,1,0,0,0,0,1
1822,4,1,0,2,3,0,1,1,0,0,1,0,0,0,0,1
1823,4,0,0,2,3,3,5,0,0,0,1,0,0,0,1,0
1824,4,0,2,2,1,0,1,0,1,0,1,0,0,0,0,1
1825,4,1,0,2,1,3,1,1,0,0,1,0,0,0,0,1
1826,4,1,2,2,0,0,1,1,0,0,1,1,0,0,0,0
1827,3,1,2,2,3,2,1,1,0,0,1,0,0,0,0,1
1828,3,1,0,2,2,2,3,1,0,0,1,0,0,0,0,1
1829,0,1,0,2,2,1,1,1,0,0,1,0,0,0,0,1
1830,2,1,0,2,1,1,5,1,0,0,1,0,0,1,0,0
1831,2,1,0,3,2,2,3,1,0,0,1,0,0,0,0,1
1832,3,1,0,3,3,0,1,1,0,0,1,0,0,0,0,1
1833,4,1,0,2,2,0,4,1,0,0,1,0,0,0,0,1
1834,4,0,0,1,2,0,1,1,0,0,0,0,0,0,0,1
1835,4,1,0,1,3,1,5,1,0,0,0,0,0,0,0,1
1836,4,0,0,0,0,0,0,1,0,0,0,0,0,0,0,1
1837,1,1,0,2,1,0,1,1,0,0,1,0,0,0,0,1
1838,3,1,0,3,2,0,1,1,0,0,1,1,0,0,0,0
1839,1,0,2,2,0,0,0,1,0,0,1,0,0,0,0,1
1840,4,1,0,2,1,0,2,1,0,0,1,0,0,0,0,1
1841,1,1,0,2,3,0,1,1,0,0,1,0,0,0,0,1
1842,4,1,0,3,1,1,4,1,0,0,1,0,0,0,1,0
1843,4,1,0,2,1,1,4,1,0,1,0,0,0,0,0,1
1844,4,1,0,1,3,0,1,1,0,0,0,0,0,0,0,1
1845,4,0,2,2,0,2,1,1,0,0,1,0,0,0,0,1
1846,4,1,0,2,2,0,2,1,0,1,0,0,1,0,0,0
1847,4,1,0,2,1,0,1,1,0,0,1,0,0,0,0,1
1848,4,1,0,3,3,0,5,1,0,0,1,0,0,0,0,1
1849,4,1,0,2,3,2,5,1,0,0,1,0,0,1,0,0
1850,3,1,0,2,1,1,1,1,0,0,1,0,0,1,0,0
1851,4,1,0,2,1,0,1,1,0,0,1,0,1,0,0,0
1852,1,1,1,3,1,0,2,1,0,0,1,0,0,0,1,0
1853,3,1,0,3,3,0,5,1,0,0,1,0,0,0,0,1
1854,4,0,2,2,3,0,1,0,1,0,1,0,0,1,0,0
1855,2,1,0,3,1,0,1,1,0,0,1,0,1,0,0,0
1856,1,1,0,2,0,0,1,1,0,0,1,0,1,0,0,0
1857,4,0,2,2,1,1,1,1,0,0,1,0,0,0,1,0
1858,4,0,0,2,0,1,1,0,1,1,0,0,0,0,0,1
1859,1,1,2,2,0,1,1,1,0,0,1,0,0,0,0,1
1860,4,1,0,1,1,3,1,1,0,0,0,0,0,0,0,0
1861,3,1,2,1,0,0,1,1,0,0,0,0,0,0,0,1
1862,4,1,0,2,1,3,2,1,0,0,1,0,0,0,0,1
1863,4,0,0,3,1,0,1,0,1,1,0,1,0,0,0,0
1864,4,1,0,3,1,3,2,1,0,0,1,0,0,0,0,1
1866,4,1,0,3,3,2,5,1,0,0,1,0,0,0,0,1
1867,4,1,0,2,3,1,1,1,0,0,1,0,0,0,1,0
1869,4,0,2,1,1,0,1,1,0,0,0,0,0,0,0,1
1870,3,1,2,1,1,0,1,1,0,0,0,0,0,0,0,1
1871,1,1,0,2,1,1,1,1,0,0,1,0,0,0,0,1
1873,3,1,0,2,1,0,1,1,0,0,1,0,0,0,0,1
1874,4,0,2,3,1,1,1,1,0,0,1,0,0,0,1,0
1875,4,1,0,1,3,0,1,1,0,0,0,0,1,0,0,0
1876,1,0,2,2,1,0,1,1,0,0,1,0,0,1,0,0
1877,4,1,0,2,2,0,2,1,0,0,1,0,1,0,0,0
1878,4,0,0,2,3,2,3,1,0,0,1,0,0,0,0,1
1879,4,1,0,2,3,0,1,1,0,1,0,0,1,0,0,0
1880,4,1,1,2,0,1,2,1,0,0,1,0,1,0,0,0
1881,3,1,0,3,2,0,1,1,0,0,1,0,0,0,0,1
1882,3,0,1,1,1,1,1,1,0,0,0,0,0,0,0,1
1883,1,1,0,2,1,0,1,0,1,0,1,0,0,0,0,1
1884,4,0,2,2,0,3,2,1,0,0,1,0,0,0,0,1
1885,1,1,0,2,0,3,2,1,0,0,1,0,0,0,0,1
1886,1,1,0,3,1,0,2,1,0,0,1,0,0,0,1,0
1887,3,1,0,2,1,0,2,1,0,0,1,0,0,0,0,1
1888,4,1,0,2,1,0,1,1,0,0,1,0,1,0,0,0
1889,4,1,0,2,3,1,5,1,0,0,1,0,0,0,0,1
1890,0,0,2,2,0,0,1,1,0,0,1,0,0,0,0,1
1891,0,1,0,3,0,0,1,1,0,0,1,0,0,0,0,1
1893,1,1,0,1,1,0,2,1,0,0,0,0,1,0,0,0
1894,3,1,0,3,2,3,2,1,0,0,1,0,0,0,0,1
1895,3,1,0,1,1,0,2,1,0,0,0,1,0,0,0,0
1896,2,1,2,2,2,1,4,1,0,0,1,0,0,0,0,1
1897,3,1,0,3,3,0,5,1,0,0,1,0,0,0,0,1
1898,4,1,0,1,0,0,0,1,0,0,0,0,0,0,0,1
1899,4,1,0,2,3,1,3,1,0,0,1,0,0,0,0,1
1900,2,1,1,2,1,1,2,1,0,0,1,0,0,0,0,1
1901,4,1,0,3,2,3,2,1,0,0,1,0,0,0,0,1
1902,2,1,0,2,2,1,5,1,0,0,1,0,0,0,0,1
1903,1,0,2,3,1,0,1,1,0,0,1,0,0,1,0,0
1904,3,1,0,2,3,3,5,1,0,0,1,0,0,0,0,1
1905,3,1,2,2,1,0,2,1,0,0,1,0,0,0,0,1
1906,4,1,0,2,2,1,1,1,0,0,1,0,0,0,0,1
1907,1,1,0,3,3,0,3,1,0,0,1,0,0,0,0,1
1908,1,0,0,2,1,0,1,1,0,0,1,0,1,0,0,0
1909,4,1,0,1,1,0,2,1,0,0,0,0,0,0,0,1
1910,4,1,0,3,2,1,1,1,0,0,1,0,0,0,0,1
1911,3,1,1,2,2,3,5,1,0,0,1,0,0,0,0,1
1913,1,1,0,3,1,0,5,1,0,1,0,0,0,0,0,1
1914,1,1,0,2,1,0,1,1,0,0,1,0,0,0,0,1
1915,4,0,0,4,3,0,3,1,0,0,1,0,0,1,0,0
1916,3,0,2,4,1,0,5,1,0,0,1,0,0,1,0,0
1917,4,0,2,2,0,0,1,1,0,0,1,0,0,0,0,1
1918,4,1,0,2,3,1,1,1,0,0,1,0,1,0,0,0
1919,4,1,0,2,3,0,1,1,0,0,1,0,1,0,0,0
1920,4,1,0,2,3,0,2,1,0,0,1,0,0,0,0,1
1921,4,1,0,2,3,1,2,1,0,0,1,0,0,0,1,0
1922,3,1,0,3,3,0,1,1,0,0,1,0,0,0,0,1
1923,4,1,0,2,3,2,5,1,0,0,1,0,0,0,0,1
1924,1,1,0,2,1,0,1,1,0,0,1,1,0,0,0,0
1925,4,1,0,3,3,1,1,1,0,0,1,0,1,0,0,0
1926,1,1,0,2,1,0,2,1,0,0,1,0,0,0,0,1
1927,1,1,2,2,0,0,1,1,0,0,1,0,0,0,0,1
1928,1,1,0,3,0,0,4,1,0,0,1,0,0,0,0,1
1929,1,1,0,2,1,1,1,1,0,0,1,0,0,0,0,1
1930,4,1,0,2,1,0,5,1,0,0,1,0,0,0,0,1
1931,1,0,2,2,0,0,0,1,0,0,1,0,0,0,0,1
1932,1,0,2,2,0,0,1,1,0,0,1,0,0,0,0,1
1933,4,0,0,3,1,2,1,1,0,0,1,0,0,1,0,0
1934,1,0,0,2,0,0,0,1,0,0,1,0,0,0,0,1
1935,1,1,2,2,1,1,4,1,0,0,1,0,0,0,0,1
1936,4,0,1,2,0,0,1,0,1,0,1,0,1,0,0,0
1937,1,1,0,2,0,0,1,1,0,0,1,1,0,0,0,0
1938,1,1,0,2,2,1,4,1,0,0,1,0,0,0,0,1
1939,4,1,0,2,3,0,2,1,0,1,0,0,0,0,0,1
1940,4,1,0,2,1,1,1,1,0,0,1,0,0,0,1,0
1941,3,1,0,1,1,0,2,1,0,0,0,0,0,0,0,1
1942,4,0,0,2,3,0,5,1,0,0,1,0,0,0,0,1
1943,4,1,0,2,1,0,1,1,0,0,1,0,0,0,0,1
1944,4,0,2,2,0,0,1,0,1,0,1,1,0,0,0,0
1946,2,1,2,2,0,0,0,1,0,0,1,0,0,0,0,1
1947,3,1,0,1,3,0,2,1,0,0,0,0,0,0,0,1
1948,3,1,0,1,0,1,1,1,0,0,0,0,0,0,0,1
1949,4,0,0,2,0,0,0,1,0,1,0,0,0,0,0,1
1950,1,1,0,2,1,1,1,1,0,0,1,0,0,0,0,1
1951,4,1,2,1,1,3,1,1,0,0,0,0,0,0,0,1
1952,4,1,0,2,1,0,1,1,0,0,1,0,0,0,0,1
1953,4,1,0,3,3,1,1,1,0,1,0,0,0,0,0,1
1954,4,0,0,0,1,0,0,1,0,0,0,0,0,0,0,1
1955,4,1,1,2,0,3,1,1,0,0,1,0,0,0,1,0
1956,4,0,0,3,0,0,1,1,0,0,1,0,0,0,0,1
1957,4,1,0,2,1,3,4,1,0,0,1,0,0,0,0,1
1958,3,1,0,2,2,3,1,1,0,0,1,0,0,0,0,1
1959,1,1,2,2,1,1,1,1,0,0,1,0,0,0,0,1
1961,1,1,0,2,0,0,5,1,0,1,0,0,0,0,0,1
1962,4,1,0,2,3,3,4,1,0,0,1,0,0,0,0,1
1963,3,1,0,2,2,0,1,1,0,0,1,0,1,0,0,0
1964,4,1,0,2,1,0,1,1,0,0,1,1,0,0,0,0
1965,4,1,0,2,3,0,1,1,0,1,0,0,1,0,0,0
1966,4,0,0,2,3,0,5,1,0,0,1,0,0,0,0,1
1967,4,1,0,3,1,1,1,1,0,0,1,0,0,0,0,1
1968,4,1,0,2,3,1,5,1,0,0,1,0,0,0,0,1
1969,4,1,0,3,3,1,1,1,0,0,1,0,0,0,0,1
1970,0,1,2,2,0,0,1,1,0,0,1,0,0,0,0,1
1971,3,1,0,3,2,1,4,1,0,0,1,0,0,0,0,1
1973,1,0,2,2,0,0,0,1,0,0,1,0,0,0,0,1
1974,1,1,0,2,0,0,2,1,0,0,1,0,0,0,0,1
1975,4,1,0,2,3,1,5,1,0,0,1,0,0,0,0,1
1976,4,0,1,2,0,0,1,1,0,0,1,0,0,0,0,1
1977,4,1,0,3,2,2,5,1,0,0,1,0,0,0,0,1
1979,3,1,0,3,2,0,1,1,0,0,1,0,1,0,0,0
1980,3,1,0,2,1,0,2,1,0,0,1,0,0,0,1,0
1981,1,1,0,2,2,2,4,1,0,0,1,0,0,0,0,1
1982,1,1,0,2,0,1,1,1,0,0,1,0,0,0,0,1
1983,4,1,0,2,2,1,0,1,0,0,1,0,0,0,0,1
1984,1,1,0,2,1,1,2,1,0,0,1,0,0,0,1,0
1985,4,1,1,3,3,1,5,1,0,0,1,0,0,0,0,1
1986,4,1,0,3,1,1,1,1,0,0,1,0,0,0,0,1
1987,1,0,2,2,0,0,1,1,0,0,1,0,0,0,0,1
1988,4,0,0,3,0,2,1,1,0,1,0,0,0,0,0,1
1989,4,0,0,2,2,2,5,1,0,0,1,0,0,0,1,0
1990,1,1,0,2,2,0,1,0,1,1,0,1,0,0,0,0
1991,4,1,0,2,1,3,1,1,0,0,1,0,0,0,0,1
1992,3,0,2,1,1,0,0,1,0,0,0,0,0,0,0,1
1993,1,1,0,3,1,0,1,1,0,0,1,1,0,0,0,0
1994,4,1,0,2,2,0,1,1,0,0,1,0,0,0,0,1
1995,4,1,0,3,1,3,2,1,0,0,1,0,0,0,0,1
1996,1,0,1,2,0,0,1,1,0,0,1,0,0,0,0,1
1997,3,1,0,3,3,2,5,1,0,0,1,0,0,0,0,1
1998,3,1,0,2,3,0,1,1,0,0,1,0,0,0,0,1
1999,0,0,2,2,0,0,0,1,0,0,1,0,0,0,0,1
2000,4,1,0,3,3,0,2,1,0,0,1,0,0,0,0,1
2001,2,1,2,2,0,0,2,1,0,0,1,0,0,0,0,1
2002,4,1,0,2,3,0,5,1,0,0,1,0,0,0,0,1
2003,1,0,2,2,0,0,1,1,0,0,1,1,0,0,0,0
2004,4,1,0,2,1,3,3,1,0,0,1,0,0,0,0,1
2005,4,1,0,3,1,3,1,1,0,0,1,0,0,0,1,0
2006,4,1,0,2,3,0,1,1,0,0,1,0,1,0,0,0
2007,3,0,0,3,0,0,3,1,0,1,0,0,0,0,0,1
2008,4,0,2,2,1,1,4,1,0,0,1,0,0,0,0,1
2009,4,0,0,2,0,0,4,1,0,1,0,0,0,0,0,1
2010,3,1,0,2,3,2,3,1,0,0,1,0,0,0,0,1
2011,4,0,2,2,0,3,0,1,0,0,1,0,0,0,0,1
2012,4,0,0,0,2,3,2,1,0,0,0,0,0,0,0,1
2013,0,1,0,2,1,1,2,1,0,0,1,0,0,0,0,1
2014,3,1,0,3,2,3,5,1,0,0,1,0,0,0,0,1
2015,4,0,0,1,1,0,1,1,0,0,0,0,0,0,0,1
2016,4,1,0,2,1,0,1,1,0,1,0,0,0,0,0,1
2017,3,1,0,2,3,0,2,1,0,0,1,0,0,0,0,1
2018,4,1,0,2,0,1,3,1,0,0,1,0,0,0,0,1
2019,4,1,2,2,0,1,2,1,0,0,1,0,0,0,0,1
2020,4,1,0,2,3,0,2,1,0,1,0,0,0,0,0,1
2021,4,1,0,1,1,0,1,0,0,0,0,0,0,0,0,1
2022,4,1,0,2,2,1,1,1,0,0,1,0,0,0,0,1
2023,3,1,1,2,2,0,1,1,0,0,1,0,1,0,0,0
2024,2,1,0,2,0,0,1,1,0,0,1,0,1,0,0,0
2025,3,0,0,0,1,0,0,1,0,0,0,0,0,0,0,1
2026,4,1,0,3,1,3,4,1,0,0,1,0,0,0,0,1
2027,3,1,0,2,3,1,2,1,0,0,1,0,0,0,0,1
2028,3,1,0,1,1,0,3,1,0,0,0,0,1,0,0,0
2029,4,1,1,2,1,0,2,0,0,0,1,0,0,0,0,1
2030,4,1,0,2,2,1,2,1,0,0,1,0,0,0,0,1
2031,1,0,0,2,0,0,1,0,1,0,1,0,1,0,0,0
2032,0,1,2,2,0,0,2,1,0,0,1,0,0,0,0,1
2033,4,1,0,2,1,0,5,1,0,0,1,0,0,0,0,1
2034,1,1,0,2,1,0,1,1,0,0,1,0,1,0,0,0
2035,4,1,0,2,2,0,5,1,0,0,1,0,0,0,0,1
2036,3,1,0,3,2,3,1,1,0,0,1,0,0,0,0,1
2037,0,1,0,2,1,0,1,1,0,0,1,0,1,0,0,0
2038,4,0,1,0,0,1,0,1,0,0,0,0,0,0,0,1
2039,4,1,0,2,2,0,2,0,1,0,1,0,0,0,0,1
2040,0,1,2,2,3,0,5,1,0,0,1,0,0,0,0,1
2041,1,1,0,2,1,0,2,1,0,0,1,0,1,0,0,0
2042,0,0,2,2,0,0,1,1,0,0,1,0,0,0,0,1
2043,2,0,0,0,1,0,0,0,0,0,0,1,0,0,0,0
2044,4,0,2,2,1,0,1,1,0,1,0,0,0,0,0,1
2045,3,0,1,2,0,0,2,1,0,0,1,0,0,0,0,1
2046,0,1,0,2,0,0,2,1,0,0,1,0,0,0,0,0
2047,4,1,2,2,0,0,1,0,1,0,1,0,0,0,0,1
2048,4,1,0,2,3,0,2,1,0,1,0,0,0,0,0,1
2049,4,0,2,2,0,3,0,1,0,0,1,0,0,0,0,1
2050,4,0,0,1,1,0,0,1,0,0,0,0,0,0,0,1
2051,4,1,0,2,3,1,2,1,0,0,1,0,0,0,0,1
2052,1,1,0,2,2,1,1,0,1,0,1,0,0,0,0,1
2053,4,0,1,1,0,1,1,1,0,0,0,0,0,0,0,1
2054,1,0,0,2,0,3,1,1,0,0,1,0,0,0,0,1
2055,1,1,0,2,1,0,1,1,0,0,1,1,0,0,0,0
2056,4,0,2,3,1,3,1,1,0,0,1,0,0,0,1,0
2057,2,1,1,2,1,2,4,1,0,0,1,0,0,0,0,1
2058,4,1,0,2,2,0,1,1,0,0,1,0,0,0,0,1
2059,4,1,0,2,1,3,1,1,0,0,1,0,0,0,0,1
2060,1,0,2,3,0,1,3,1,0,0,1,0,0,0,0,1
2061,3,1,0,2,3,1,3,1,0,0,1,0,0,0,0,1
2062,4,1,0,2,2,2,1,1,0,0,1,0,0,0,0,1
2064,1,0,1,2,2,0,2,1,0,0,1,0,1,0,0,0
2065,1,1,0,3,1,1,1,1,0,0,1,0,0,0,0,1
2066,2,1,0,3,1,2,2,1,0,0,1,0,0,0,0,1
2067,4,1,0,2,3,1,5,1,0,1,0,0,0,0,0,1
2068,1,1,0,2,1,0,1,1,0,1,0,0,1,0,0,0
2069,4,1,0,2,3,1,3,1,0,0,1,0,0,0,0,1
2070,4,1,0,2,2,1,1,1,0,1,0,0,0,0,0,1
2071,4,1,0,2,3,0,5,1,0,1,0,0,0,0,0,1
2072,4,0,2,2,0,1,1,1,0,0,1,0,0,0,0,1
2073,2,1,0,3,1,0,4,1,0,1,0,0,0,0,0,1
2075,1,1,2,2,1,0,1,1,0,0,1,0,0,0,0,1
2076,3,1,0,2,1,0,1,1,0,0,1,0,0,0,0,1
2077,3,1,0,3,3,1,4,1,0,0,1,0,0,0,0,1
2078,4,0,1,1,0,3,1,0,1,0,0,0,0,0,0,1
2079,3,1,0,2,0,0,5,1,0,0,1,0,0,0,0,1
2080,1,1,0,3,1,0,1,1,0,0,1,0,0,0,1,0
2081,4,1,0,3,1,0,2,1,0,0,1,0,0,0,0,1
2082,1,1,2,3,0,0,2,1,0,0,1,0,1,0,0,0
2083,4,1,0,1,1,1,3,1,0,0,0,0,0,0,0,1
2084,4,1,0,2,3,0,4,1,0,0,1,0,0,0,0,1
2085,4,1,0,2,1,1,1,1,0,0,1,0,0,0,0,1
2086,4,1,0,2,2,2,5,1,0,0,1,0,0,0,0,1
2087,4,0,2,2,1,3,1,1,0,0,1,0,0,0,1,0
2088,1,1,2,3,1,0,1,1,0,0,1,1,0,0,0,0
2089,3,0,2,3,1,0,1,1,0,0,1,1,0,0,0,0
2090,4,0,0,3,0,2,1,1,0,0,1,0,0,0,1,0
2091,4,1,0,1,2,0,1,1,0,0,0,1,0,0,0,0
2092,1,1,0,2,1,1,0,1,0,0,1,0,0,0,0,1
2094,4,1,0,3,3,0,5,1,0,0,1,0,0,0,0,1
2095,2,1,0,2,1,0,1,1,0,0,1,0,0,0,0,1
2096,1,1,0,1,2,0,1,1,0,0,0,0,0,0,0,1
2097,1,0,0,2,0,1,0,1,0,0,1,0,0,0,0,1
2098,3,1,0,3,3,1,4,1,0,0,1,0,0,0,0,1
2099,1,0,0,2,1,0,4,1,0,0,1,0,0,0,0,0
2100,4,1,0,2,2,0,4,1,0,1,0,0,0,0,0,1
2101,4,1,0,2,2,0,4,1,0,0,1,0,0,0,0,1
2103,4,0,0,2,1,3,2,1,0,1,0,0,0,0,1,0
2104,4,0,2,2,0,3,0,1,0,0,1,0,0,0,0,1
2105,2,1,0,2,0,0,1,1,0,0,1,0,0,0,0,1
2106,4,1,0,3,3,3,4,1,0,1,0,0,0,0,0,1
2107,4,1,0,2,3,0,0,1,0,0,1,0,0,0,0,1
2109,3,1,0,3,3,0,1,1,0,1,0,0,0,0,0,1
2110,1,1,0,3,2,0,5,1,0,0,1,0,0,0,0,1
2111,4,0,0,2,1,0,1,0,0,1,0,0,0,0,0,1
2112,1,1,0,2,0,0,1,1,0,0,1,0,0,0,0,1
2113,3,1,0,2,1,1,1,1,0,0,1,0,0,0,1,0
2114,2,1,0,1,3,0,2,1,0,0,0,0,0,0,0,1
2115,1,1,0,2,1,1,1,1,0,0,1,0,0,0,0,1
2116,4,1,0,1,3,1,2,1,0,0,0,0,0,0,1,0
2117,2,0,1,2,1,0,0,1,0,0,1,1,0,0,0,0
2118,3,1,0,1,2,0,1,1,0,0,0,0,0,0,0,1
2120,4,0,0,1,1,0,0,1,0,0,0,0,0,0,0,1
2121,3,0,0,3,3,0,5,1,0,0,1,0,0,0,0,1
2122,1,0,0,2,3,0,0,1,0,0,1,0,0,0,0,1
2123,1,0,2,1,0,0,0,0,1,0,0,0,0,0,0,1
2124,4,0,0,2,3,3,4,1,0,1,0,0,0,0,1,0
2125,3,1,0,3,3,0,2,1,0,0,1,0,0,0,0,1
2126,3,0,0,0,0,1,0,1,0,0,0,0,0,0,0,1
2127,3,1,2,1,1,1,1,1,0,0,0,0,0,0,1,0
2128,3,1,0,3,2,3,2,1,0,0,1,0,0,0,0,1
